BUSINESS_DATE,HOTEL,ROOMS_AVAILABLE,ROOMS_SOLD,COMP_ROOMS,OCCUPANCY,ADR_EUR,REVENUE_EUR,DOMINANT_SEGMENT
2025-01-01,"Regnum Carya",530,163,0,30.75,306.66,49985.58,Corporate
2025-01-01,"Regnum The Crown",358,163,2,45.53,395.51,63677.11,Group
2025-01-02,"Regnum Carya",530,179,4,33.77,317.57,55574.75,Corporate
2025-01-02,"Regnum The Crown",358,182,2,50.84,410.38,73868.4,Corporate
2025-01-03,"Regnum Carya",530,148,2,27.92,315.76,46100.96,Corporate
2025-01-03,"Regnum The Crown",358,155,1,43.3,374.1,57611.4,Group
2025-01-04,"Regnum Carya",530,234,3,44.15,346.23,79979.13,FIT
2025-01-04,"Regnum The Crown",358,196,3,54.75,415.38,80168.34,Group
2025-01-05,"Regnum Carya",530,187,4,35.28,331.93,60743.19,OTA
2025-01-05,"Regnum The Crown",358,190,3,53.07,402.09,75190.83,Leisure
2025-01-06,"Regnum Carya",530,154,4,29.06,328.31,49246.5,Corporate
2025-01-06,"Regnum The Crown",358,175,2,48.88,397,68681,Group
2025-01-07,"Regnum Carya",530,166,3,31.32,318.78,51961.14,Leisure
2025-01-07,"Regnum The Crown",358,160,2,44.69,393.2,62125.6,Corporate
2025-01-08,"Regnum Carya",530,178,3,33.58,320.54,56094.5,Group
2025-01-08,"Regnum The Crown",358,191,1,53.35,404.3,76817,OTA
2025-01-09,"Regnum Carya",530,159,3,30,321.17,50102.52,Group
2025-01-09,"Regnum The Crown",358,151,4,42.18,372.36,54736.92,Corporate
2025-01-10,"Regnum Carya",530,175,1,33.02,333.27,57988.98,Corporate
2025-01-10,"Regnum The Crown",358,153,3,42.74,381.04,57156,Corporate
2025-01-11,"Regnum Carya",530,233,3,43.96,336.4,77372,Corporate
2025-01-11,"Regnum The Crown",358,176,3,49.16,389.61,67402.53,FIT
2025-01-12,"Regnum Carya",530,241,2,45.47,346.02,82698.78,FIT
2025-01-12,"Regnum The Crown",358,205,2,57.26,423.37,85944.11,Group
2025-01-13,"Regnum Carya",530,213,1,40.19,328.33,69605.96,Leisure
2025-01-13,"Regnum The Crown",358,192,4,53.63,396.4,74523.2,FIT
2025-01-14,"Regnum Carya",530,205,1,38.68,334.46,68229.84,Corporate
2025-01-14,"Regnum The Crown",358,183,4,51.12,385.67,69034.93,OTA
2025-01-15,"Regnum Carya",530,178,3,33.58,319.09,55840.75,Leisure
2025-01-15,"Regnum The Crown",358,174,1,48.6,395.92,68494.16,FIT
2025-01-16,"Regnum Carya",530,164,1,30.94,320.94,52313.22,Leisure
2025-01-16,"Regnum The Crown",358,184,1,51.4,403.49,73838.67,Group
2025-01-17,"Regnum Carya",530,167,3,31.51,310.4,50905.6,FIT
2025-01-17,"Regnum The Crown",358,175,4,48.88,397.92,68044.32,FIT
2025-01-18,"Regnum Carya",530,212,0,40,327.64,69459.68,Group
2025-01-18,"Regnum The Crown",358,217,4,60.61,417.89,89010.57,Corporate
2025-01-19,"Regnum Carya",530,255,2,48.11,351.71,88982.63,Group
2025-01-19,"Regnum The Crown",358,205,2,57.26,396.67,80524.01,FIT
2025-01-20,"Regnum Carya",530,206,3,38.87,341.6,69344.8,Group
2025-01-20,"Regnum The Crown",358,173,2,48.32,382.19,65354.49,Corporate
2025-01-21,"Regnum Carya",530,197,4,37.17,315.56,60903.08,OTA
2025-01-21,"Regnum The Crown",358,210,1,58.66,417.78,87316.02,FIT
2025-01-22,"Regnum Carya",530,201,4,37.92,336.67,66323.99,OTA
2025-01-22,"Regnum The Crown",358,201,3,56.15,414.86,82142.28,Leisure
2025-01-23,"Regnum Carya",530,210,1,39.62,321.5,67193.5,OTA
2025-01-23,"Regnum The Crown",358,204,3,56.98,407.87,81981.87,Corporate
2025-01-24,"Regnum Carya",530,214,3,40.38,343.11,72396.21,Group
2025-01-24,"Regnum The Crown",358,210,2,58.66,422.91,87965.28,OTA
2025-01-25,"Regnum Carya",530,259,3,48.87,345.64,88483.84,FIT
2025-01-25,"Regnum The Crown",358,228,0,63.69,403.58,92016.24,OTA
2025-01-26,"Regnum Carya",530,245,3,46.23,341.56,82657.52,Group
2025-01-26,"Regnum The Crown",358,224,0,62.57,404,90496,Leisure
2025-01-27,"Regnum Carya",530,209,1,39.43,330.44,68731.52,OTA
2025-01-27,"Regnum The Crown",358,185,2,51.68,395.14,72310.62,OTA
2025-01-28,"Regnum Carya",530,232,1,43.77,326.88,75509.28,Leisure
2025-01-28,"Regnum The Crown",358,220,0,61.45,411.11,90444.2,Corporate
2025-01-29,"Regnum Carya",530,189,2,35.66,324.2,60625.4,Leisure
2025-01-29,"Regnum The Crown",358,220,1,61.45,409.02,89575.38,FIT
2025-01-30,"Regnum Carya",530,199,1,37.55,339.83,67286.34,FIT
2025-01-30,"Regnum The Crown",358,193,1,53.91,402.73,77324.16,Group
2025-01-31,"Regnum Carya",530,233,1,43.96,333.62,77399.84,Leisure
2025-01-31,"Regnum The Crown",358,218,4,60.89,428.15,91624.1,Leisure
2025-02-01,"Regnum Carya",530,246,2,46.42,325.44,79407.36,Group
2025-02-01,"Regnum The Crown",358,226,2,63.13,402.13,90077.12,Corporate
2025-02-02,"Regnum Carya",530,238,4,44.91,335.51,78509.34,Group
2025-02-02,"Regnum The Crown",358,251,4,70.11,435.57,107585.79,OTA
2025-02-03,"Regnum Carya",530,244,1,46.04,348.46,84675.78,OTA
2025-02-03,"Regnum The Crown",358,205,2,57.26,405,82215,OTA
2025-02-04,"Regnum Carya",530,236,1,44.53,338.27,79493.45,Leisure
2025-02-04,"Regnum The Crown",358,197,0,55.03,417.95,82336.15,Leisure
2025-02-05,"Regnum Carya",530,214,2,40.38,330.92,70155.04,OTA
2025-02-05,"Regnum The Crown",358,200,1,55.87,397.08,79018.92,Leisure
2025-02-06,"Regnum Carya",530,221,3,41.7,335.27,73088.86,OTA
2025-02-06,"Regnum The Crown",358,232,4,64.8,433.47,98831.16,Group
2025-02-07,"Regnum Carya",530,212,0,40,343.38,72796.56,Group
2025-02-07,"Regnum The Crown",358,218,3,60.89,412.83,88758.45,Leisure
2025-02-08,"Regnum Carya",530,270,4,50.94,355.16,94472.56,Leisure
2025-02-08,"Regnum The Crown",358,262,2,73.18,428.82,111493.2,OTA
2025-02-09,"Regnum Carya",530,291,3,54.91,347.36,100039.68,FIT
2025-02-09,"Regnum The Crown",358,259,1,72.35,420.13,108393.54,OTA
2025-02-10,"Regnum Carya",530,240,3,45.28,328.78,77920.86,Leisure
2025-02-10,"Regnum The Crown",358,236,0,65.92,437.7,103297.2,Group
2025-02-11,"Regnum Carya",530,261,0,49.25,347.08,90587.88,Group
2025-02-11,"Regnum The Crown",358,247,3,68.99,417.15,101784.6,Group
2025-02-12,"Regnum Carya",530,268,3,50.57,342.71,90818.15,OTA
2025-02-12,"Regnum The Crown",358,226,4,63.13,434.74,96512.28,Group
2025-02-13,"Regnum Carya",530,223,2,42.08,325.86,72015.06,Group
2025-02-13,"Regnum The Crown",358,211,3,58.94,401.68,83549.44,Group
2025-02-14,"Regnum Carya",530,215,3,40.57,335.21,71064.52,FIT
2025-02-14,"Regnum The Crown",358,223,1,62.29,416.05,92363.1,Corporate
2025-02-15,"Regnum Carya",530,298,2,56.23,365.39,108155.44,Group
2025-02-15,"Regnum The Crown",358,237,0,66.2,411.18,97449.66,OTA
2025-02-16,"Regnum Carya",530,261,4,49.25,344.81,88616.17,OTA
2025-02-16,"Regnum The Crown",358,238,1,66.48,432.34,102464.58,OTA
2025-02-17,"Regnum Carya",530,270,4,50.94,333.61,88740.26,FIT
2025-02-17,"Regnum The Crown",358,222,0,62.01,416.41,92443.02,Leisure
2025-02-18,"Regnum Carya",530,226,0,42.64,338.61,76525.86,Corporate
2025-02-18,"Regnum The Crown",358,230,0,64.25,418.64,96287.2,FIT
2025-02-19,"Regnum Carya",530,267,3,50.38,350.54,92542.56,OTA
2025-02-19,"Regnum The Crown",358,253,3,70.67,437,109250,FIT
2025-02-20,"Regnum Carya",530,287,1,54.15,357.12,102136.32,Corporate
2025-02-20,"Regnum The Crown",358,247,4,68.99,415.87,101056.41,OTA
2025-02-21,"Regnum Carya",530,282,2,53.21,359.37,100623.6,Corporate
2025-02-21,"Regnum The Crown",358,235,3,65.64,413.53,95938.96,Corporate
2025-02-22,"Regnum Carya",530,267,3,50.38,332.97,87904.08,FIT
2025-02-22,"Regnum The Crown",358,289,4,80.73,439.92,125377.2,Leisure
2025-02-23,"Regnum Carya",530,309,3,58.3,350.55,107268.3,Leisure
2025-02-23,"Regnum The Crown",358,289,4,80.73,436.87,124507.95,OTA
2025-02-24,"Regnum Carya",530,292,1,55.09,358.51,104326.41,FIT
2025-02-24,"Regnum The Crown",358,236,1,65.92,411.03,96592.05,Leisure
2025-02-25,"Regnum Carya",530,244,2,46.04,331.89,80317.38,Corporate
2025-02-25,"Regnum The Crown",358,251,3,70.11,430.9,106863.2,Leisure
2025-02-26,"Regnum Carya",530,269,2,50.75,331.01,88379.67,Corporate
2025-02-26,"Regnum The Crown",358,270,0,75.42,424.09,114504.3,Leisure
2025-02-27,"Regnum Carya",530,281,1,53.02,335.83,94032.4,Leisure
2025-02-27,"Regnum The Crown",358,244,2,68.16,415.98,100667.16,OTA
2025-02-28,"Regnum Carya",530,290,0,54.72,350.31,101589.9,Group
2025-02-28,"Regnum The Crown",358,245,4,68.44,413.95,99761.95,Corporate
2025-03-01,"Regnum Carya",530,334,4,63.02,357.58,118001.4,OTA
2025-03-01,"Regnum The Crown",358,284,4,79.33,443.27,124115.6,Leisure
2025-03-02,"Regnum Carya",530,330,4,62.26,364.2,118729.2,OTA
2025-03-02,"Regnum The Crown",358,298,1,83.24,435.05,129209.85,OTA
2025-03-03,"Regnum Carya",530,303,2,57.17,359.67,108260.67,FIT
2025-03-03,"Regnum The Crown",358,249,3,69.55,437.66,107664.36,OTA
2025-03-04,"Regnum Carya",530,271,3,51.13,333.21,89300.28,Group
2025-03-04,"Regnum The Crown",358,266,1,74.3,450.25,119316.25,OTA
2025-03-05,"Regnum Carya",530,260,3,49.06,337.69,86786.33,OTA
2025-03-05,"Regnum The Crown",358,257,1,71.79,418.34,107095.04,FIT
2025-03-06,"Regnum Carya",530,298,0,56.23,352.68,105098.64,Corporate
2025-03-06,"Regnum The Crown",358,252,1,70.39,417.53,104800.03,Group
2025-03-07,"Regnum Carya",530,274,3,51.7,358.18,97066.78,Leisure
2025-03-07,"Regnum The Crown",358,253,0,70.67,421.43,106621.79,Group
2025-03-08,"Regnum Carya",530,322,1,60.75,365.51,117328.71,OTA
2025-03-08,"Regnum The Crown",358,280,2,78.21,454.33,126303.74,Leisure
2025-03-09,"Regnum Carya",530,306,3,57.74,360.14,109122.42,Leisure
2025-03-09,"Regnum The Crown",358,277,0,77.37,434.84,120450.68,Corporate
2025-03-10,"Regnum Carya",530,311,3,58.68,349.27,107575.16,Group
2025-03-10,"Regnum The Crown",358,261,3,72.91,433.93,111953.94,Leisure
2025-03-11,"Regnum Carya",530,291,2,54.91,363.46,105039.94,Corporate
2025-03-11,"Regnum The Crown",358,263,3,73.46,446.03,115967.8,OTA
2025-03-12,"Regnum Carya",530,282,3,53.21,338.84,94536.36,Group
2025-03-12,"Regnum The Crown",358,287,1,80.17,450.61,128874.46,Corporate
2025-03-13,"Regnum Carya",530,285,3,53.77,334.41,94303.62,FIT
2025-03-13,"Regnum The Crown",358,271,2,75.7,425.88,114561.72,Corporate
2025-03-14,"Regnum Carya",530,322,2,60.75,367.38,117561.6,Group
2025-03-14,"Regnum The Crown",358,255,1,71.23,445.9,113258.6,FIT
2025-03-15,"Regnum Carya",530,328,4,61.89,368.68,119452.32,FIT
2025-03-15,"Regnum The Crown",358,301,1,84.08,456.93,137079,Corporate
2025-03-16,"Regnum Carya",530,347,2,65.47,377.57,130261.65,Corporate
2025-03-16,"Regnum The Crown",358,317,1,88.55,460.4,145486.4,FIT
2025-03-17,"Regnum Carya",530,333,3,62.83,351.83,116103.9,Group
2025-03-17,"Regnum The Crown",358,268,2,74.86,433.98,115438.68,Group
2025-03-18,"Regnum Carya",530,320,2,60.38,349.83,111245.94,Group
2025-03-18,"Regnum The Crown",358,284,2,79.33,446.61,125944.02,Leisure
2025-03-19,"Regnum Carya",530,332,3,62.64,351.63,115686.27,OTA
2025-03-19,"Regnum The Crown",358,294,3,82.12,462.1,134471.1,Leisure
2025-03-20,"Regnum Carya",530,332,4,62.64,349.45,114619.6,Leisure
2025-03-20,"Regnum The Crown",358,290,3,81.01,437.05,125433.35,Corporate
2025-03-21,"Regnum Carya",530,303,2,57.17,343.91,103516.91,Corporate
2025-03-21,"Regnum The Crown",358,289,4,80.73,462.47,131803.95,FIT
2025-03-22,"Regnum Carya",530,397,1,74.91,384.23,152155.08,Leisure
2025-03-22,"Regnum The Crown",358,305,4,85.2,439.24,132211.24,OTA
2025-03-23,"Regnum Carya",530,382,0,72.08,372.19,142176.58,Corporate
2025-03-23,"Regnum The Crown",358,313,0,87.43,458.3,143447.9,Corporate
2025-03-24,"Regnum Carya",530,347,0,65.47,371.38,128868.86,FIT
2025-03-24,"Regnum The Crown",358,286,3,79.89,455.07,128784.81,OTA
2025-03-25,"Regnum Carya",530,309,1,58.3,351.78,108348.24,Leisure
2025-03-25,"Regnum The Crown",358,283,1,79.05,446.82,126003.24,Leisure
2025-03-26,"Regnum Carya",530,328,4,61.89,371.8,120463.2,OTA
2025-03-26,"Regnum The Crown",358,290,1,81.01,451.65,130526.85,Leisure
2025-03-27,"Regnum Carya",530,341,2,64.34,370.85,125718.15,OTA
2025-03-27,"Regnum The Crown",358,292,3,81.56,454.24,131275.36,Corporate
2025-03-28,"Regnum Carya",530,377,1,71.13,362.82,136420.32,Group
2025-03-28,"Regnum The Crown",358,275,2,76.82,449.73,122776.29,Group
2025-03-29,"Regnum Carya",530,407,2,76.79,365.72,148116.6,FIT
2025-03-29,"Regnum The Crown",358,298,3,83.24,433.97,128021.15,Corporate
2025-03-30,"Regnum Carya",530,373,1,70.38,367.89,136855.08,Leisure
2025-03-30,"Regnum The Crown",358,331,1,92.46,470.64,155311.2,FIT
2025-03-31,"Regnum Carya",530,328,2,61.89,371.33,121053.58,Corporate
2025-03-31,"Regnum The Crown",358,309,1,86.31,445.71,137278.68,FIT
2025-04-01,"Regnum Carya",530,382,1,72.08,358.75,136683.75,Group
2025-04-01,"Regnum The Crown",358,303,2,84.64,441.35,132846.35,FIT
2025-04-02,"Regnum Carya",530,370,3,69.81,358.13,131433.71,FIT
2025-04-02,"Regnum The Crown",358,291,2,81.28,430.43,124394.27,Corporate
2025-04-03,"Regnum Carya",530,351,1,66.23,353.59,123756.5,OTA
2025-04-03,"Regnum The Crown",358,278,2,77.65,432.28,119309.28,Group
2025-04-04,"Regnum Carya",530,376,2,70.94,367.09,137291.66,FIT
2025-04-04,"Regnum The Crown",358,306,3,85.47,441.23,133692.69,Group
2025-04-05,"Regnum Carya",530,421,2,79.43,396.58,166167.02,Leisure
2025-04-05,"Regnum The Crown",358,321,0,89.66,462.75,148542.75,Leisure
2025-04-06,"Regnum Carya",530,423,1,79.81,370.7,156435.4,Leisure
2025-04-06,"Regnum The Crown",358,317,0,88.55,446.58,141565.86,Corporate
2025-04-07,"Regnum Carya",530,371,3,70,358.52,131935.36,Leisure
2025-04-07,"Regnum The Crown",358,315,1,87.99,466.87,146597.18,FIT
2025-04-08,"Regnum Carya",530,393,3,74.15,370.64,144549.6,Corporate
2025-04-08,"Regnum The Crown",358,281,1,78.49,435.8,122024,FIT
2025-04-09,"Regnum Carya",530,369,0,69.62,383.26,141422.94,Leisure
2025-04-09,"Regnum The Crown",358,297,2,82.96,461.4,136113,Corporate
2025-04-10,"Regnum Carya",530,379,3,71.51,369.06,138766.56,FIT
2025-04-10,"Regnum The Crown",358,296,1,82.68,435.27,128404.65,Group
2025-04-11,"Regnum Carya",530,358,2,67.55,373.42,132937.52,Leisure
2025-04-11,"Regnum The Crown",358,299,3,83.52,438.42,129772.32,Group
2025-04-12,"Regnum Carya",530,418,1,78.87,390.11,162675.87,Corporate
2025-04-12,"Regnum The Crown",358,332,1,92.74,464.14,153630.34,Group
2025-04-13,"Regnum Carya",530,391,1,73.77,364.99,142346.1,FIT
2025-04-13,"Regnum The Crown",358,320,3,89.39,452.34,143391.78,Group
2025-04-14,"Regnum Carya",530,379,3,71.51,356.75,134138,OTA
2025-04-14,"Regnum The Crown",358,290,2,81.01,441.95,127281.6,Group
2025-04-15,"Regnum Carya",530,400,3,75.47,375.59,149109.23,FIT
2025-04-15,"Regnum The Crown",358,294,4,82.12,458.45,132950.5,OTA
2025-04-16,"Regnum Carya",530,402,0,75.85,371.39,149298.78,Corporate
2025-04-16,"Regnum The Crown",358,292,2,81.56,448.76,130140.4,Group
2025-04-17,"Regnum Carya",530,402,0,75.85,390.9,157141.8,Leisure
2025-04-17,"Regnum The Crown",358,320,2,89.39,472.91,150385.38,Corporate
2025-04-18,"Regnum Carya",530,407,2,76.79,381.39,154462.95,Group
2025-04-18,"Regnum The Crown",358,311,3,86.87,454.27,139915.16,Group
2025-04-19,"Regnum Carya",530,430,2,81.13,369.12,157983.36,Group
2025-04-19,"Regnum The Crown",358,311,4,86.87,453.67,139276.69,OTA
2025-04-20,"Regnum Carya",530,428,0,80.75,374.45,160264.6,OTA
2025-04-20,"Regnum The Crown",358,309,0,86.31,442.18,136633.62,FIT
2025-04-21,"Regnum Carya",530,418,0,78.87,391.9,163814.2,OTA
2025-04-21,"Regnum The Crown",358,307,1,85.75,464.31,142078.86,Group
2025-04-22,"Regnum Carya",530,388,0,73.21,377.85,146605.8,Group
2025-04-22,"Regnum The Crown",358,299,3,83.52,463.86,137302.56,OTA
2025-04-23,"Regnum Carya",530,388,2,73.21,367.61,141897.46,OTA
2025-04-23,"Regnum The Crown",358,293,3,81.84,444.66,128951.4,Corporate
2025-04-24,"Regnum Carya",530,424,2,80,382.87,161571.14,FIT
2025-04-24,"Regnum The Crown",358,310,0,86.59,438.15,135826.5,FIT
2025-04-25,"Regnum Carya",530,397,4,74.91,380.14,149395.02,FIT
2025-04-25,"Regnum The Crown",358,303,1,84.64,463.69,140034.38,Corporate
2025-04-26,"Regnum Carya",530,444,1,83.77,379.29,168025.47,Leisure
2025-04-26,"Regnum The Crown",358,338,1,94.41,448.01,150979.37,Group
2025-04-27,"Regnum Carya",530,440,3,83.02,383.95,167786.15,OTA
2025-04-27,"Regnum The Crown",358,344,3,96.09,465.39,158697.99,OTA
2025-04-28,"Regnum Carya",530,387,0,73.02,387.05,149788.35,Group
2025-04-28,"Regnum The Crown",358,319,0,89.11,471.03,150258.57,OTA
2025-04-29,"Regnum Carya",530,397,2,74.91,369.03,145766.85,Leisure
2025-04-29,"Regnum The Crown",358,325,2,90.78,448.29,144797.67,FIT
2025-04-30,"Regnum Carya",530,415,1,78.3,372.13,154061.82,Leisure
2025-04-30,"Regnum The Crown",358,289,3,80.73,435.61,124584.46,Group
2025-05-01,"Regnum Carya",530,440,1,83.02,392.69,172390.91,FIT
2025-05-01,"Regnum The Crown",358,327,3,91.34,464.51,150501.24,Group
2025-05-02,"Regnum Carya",530,414,1,78.11,394.17,162792.21,FIT
2025-05-02,"Regnum The Crown",358,314,3,87.71,442.83,137720.13,OTA
2025-05-03,"Regnum Carya",530,448,2,84.53,401.48,179060.08,OTA
2025-05-03,"Regnum The Crown",358,338,0,94.41,463.67,156720.46,Group
2025-05-04,"Regnum Carya",530,465,2,87.74,381.28,176532.64,Corporate
2025-05-04,"Regnum The Crown",358,328,2,91.62,474.2,154589.2,Group
2025-05-05,"Regnum Carya",530,406,1,76.6,382.93,155086.65,FIT
2025-05-05,"Regnum The Crown",358,311,2,86.87,456.96,141200.64,Group
2025-05-06,"Regnum Carya",530,416,4,78.49,385.95,159011.4,Leisure
2025-05-06,"Regnum The Crown",358,325,1,90.78,460.23,149114.52,OTA
2025-05-07,"Regnum Carya",530,459,4,86.6,405.56,184529.8,Corporate
2025-05-07,"Regnum The Crown",358,323,0,90.22,468.49,151322.27,Corporate
2025-05-08,"Regnum Carya",530,413,2,77.92,370.77,152386.47,FIT
2025-05-08,"Regnum The Crown",358,322,4,89.94,445.96,141815.28,FIT
2025-05-09,"Regnum Carya",530,423,3,79.81,367.61,154396.2,OTA
2025-05-09,"Regnum The Crown",358,293,1,81.84,444.71,129855.32,Leisure
2025-05-10,"Regnum Carya",530,438,2,82.64,398.82,173885.52,Leisure
2025-05-10,"Regnum The Crown",358,314,0,87.71,452.11,141962.54,Leisure
2025-05-11,"Regnum Carya",530,439,1,82.83,400.69,175502.22,Corporate
2025-05-11,"Regnum The Crown",358,337,0,94.13,470.74,158639.38,Leisure
2025-05-12,"Regnum Carya",530,462,3,87.17,387.52,177871.68,Corporate
2025-05-12,"Regnum The Crown",358,326,1,91.06,455.14,147920.5,Group
2025-05-13,"Regnum Carya",530,423,2,79.81,388.72,163651.12,Corporate
2025-05-13,"Regnum The Crown",358,307,2,85.75,460.67,140504.35,Leisure
2025-05-14,"Regnum Carya",530,432,2,81.51,376.31,161813.3,Corporate
2025-05-14,"Regnum The Crown",358,320,2,89.39,451.47,143567.46,FIT
2025-05-15,"Regnum Carya",530,466,2,87.92,399.51,185372.64,Group
2025-05-15,"Regnum The Crown",358,323,4,90.22,446.74,142510.06,OTA
2025-05-16,"Regnum Carya",530,411,0,77.55,371.77,152797.47,FIT
2025-05-16,"Regnum The Crown",358,299,3,83.52,454.91,134653.36,Corporate
2025-05-17,"Regnum Carya",530,503,3,94.91,413.13,206565,Group
2025-05-17,"Regnum The Crown",358,335,3,93.58,460.74,152965.68,Corporate
2025-05-18,"Regnum Carya",530,483,2,91.13,408.71,196589.51,OTA
2025-05-18,"Regnum The Crown",358,311,2,86.87,459.65,142031.85,Group
2025-05-19,"Regnum Carya",530,463,2,87.36,382.1,176148.1,OTA
2025-05-19,"Regnum The Crown",358,305,4,85.2,459.4,138279.4,Group
2025-05-20,"Regnum Carya",530,443,0,83.58,378.07,167485.01,OTA
2025-05-20,"Regnum The Crown",358,302,2,84.36,439.39,131817,FIT
2025-05-21,"Regnum Carya",530,446,3,84.15,396.5,175649.5,Leisure
2025-05-21,"Regnum The Crown",358,288,2,80.45,459.5,131417,OTA
2025-05-22,"Regnum Carya",530,460,2,86.79,399.57,183003.06,Leisure
2025-05-22,"Regnum The Crown",358,290,0,81.01,454.36,131764.4,Group
2025-05-23,"Regnum Carya",530,423,0,79.81,383.86,162372.78,Corporate
2025-05-23,"Regnum The Crown",358,317,1,88.55,447.5,141410,OTA
2025-05-24,"Regnum Carya",530,490,2,92.45,392.01,191300.88,OTA
2025-05-24,"Regnum The Crown",358,323,3,90.22,442.73,141673.6,Corporate
2025-05-25,"Regnum Carya",530,452,2,85.28,374.77,168646.5,Corporate
2025-05-25,"Regnum The Crown",358,328,1,91.62,448.41,146630.07,Leisure
2025-05-26,"Regnum Carya",530,425,4,80.19,384.97,162072.37,Corporate
2025-05-26,"Regnum The Crown",358,317,3,88.55,472.89,148487.46,Group
2025-05-27,"Regnum Carya",530,439,4,82.83,377.05,164016.75,Corporate
2025-05-27,"Regnum The Crown",358,304,2,84.92,436.92,131949.84,Group
2025-05-28,"Regnum Carya",530,461,3,86.98,383.5,175643,OTA
2025-05-28,"Regnum The Crown",358,302,0,84.36,441.53,133342.06,FIT
2025-05-29,"Regnum Carya",530,475,0,89.62,389.78,185145.5,Corporate
2025-05-29,"Regnum The Crown",358,286,1,79.89,441.77,125904.45,Group
2025-05-30,"Regnum Carya",530,480,2,90.57,400.38,191381.64,OTA
2025-05-30,"Regnum The Crown",358,315,0,87.99,455.91,143611.65,Corporate
2025-05-31,"Regnum Carya",530,511,1,96.42,411.68,209956.8,OTA
2025-05-31,"Regnum The Crown",358,328,2,91.62,447.4,145852.4,Corporate
2025-06-01,"Regnum Carya",530,457,4,86.23,391.32,177267.96,Leisure
2025-06-01,"Regnum The Crown",358,319,0,89.11,468.81,149550.39,Group
2025-06-02,"Regnum Carya",530,438,2,82.64,390.49,170253.64,FIT
2025-06-02,"Regnum The Crown",358,288,2,80.45,447.7,128042.2,OTA
2025-06-03,"Regnum Carya",530,475,0,89.62,379.4,180215,OTA
2025-06-03,"Regnum The Crown",358,309,0,86.31,458.18,141577.62,Leisure
2025-06-04,"Regnum Carya",530,457,2,86.23,404.83,184197.65,OTA
2025-06-04,"Regnum The Crown",358,297,3,82.96,450.58,132470.52,Corporate
2025-06-05,"Regnum Carya",530,428,1,80.75,376.79,160889.33,OTA
2025-06-05,"Regnum The Crown",358,276,4,77.09,445.23,121102.56,Group
2025-06-06,"Regnum Carya",530,464,1,87.55,379.6,175754.8,OTA
2025-06-06,"Regnum The Crown",358,300,4,83.8,461.94,136734.24,Leisure
2025-06-07,"Regnum Carya",530,456,1,86.04,388.98,176985.9,Group
2025-06-07,"Regnum The Crown",358,293,3,81.84,447.51,129777.9,FIT
2025-06-08,"Regnum Carya",530,512,4,96.6,414.64,210637.12,FIT
2025-06-08,"Regnum The Crown",358,325,2,90.78,447.06,144400.38,Corporate
2025-06-09,"Regnum Carya",530,454,0,85.66,386.14,175307.56,Corporate
2025-06-09,"Regnum The Crown",358,305,4,85.2,459.07,138180.07,FIT
2025-06-10,"Regnum Carya",530,454,0,85.66,375.63,170536.02,FIT
2025-06-10,"Regnum The Crown",358,282,0,78.77,456.56,128749.92,Group
2025-06-11,"Regnum Carya",530,444,2,83.77,385.36,170329.12,Leisure
2025-06-11,"Regnum The Crown",358,299,3,83.52,441.43,130663.28,Leisure
2025-06-12,"Regnum Carya",530,469,1,88.49,395.86,185262.48,Corporate
2025-06-12,"Regnum The Crown",358,281,1,78.49,426.31,119366.8,OTA
2025-06-13,"Regnum Carya",530,463,2,87.36,388.18,178950.98,FIT
2025-06-13,"Regnum The Crown",358,270,3,75.42,447.8,119562.6,FIT
2025-06-14,"Regnum Carya",530,477,2,90,380.59,180780.25,OTA
2025-06-14,"Regnum The Crown",358,317,0,88.55,472.22,149693.74,Group
2025-06-15,"Regnum Carya",530,462,0,87.17,379.76,175449.12,Group
2025-06-15,"Regnum The Crown",358,284,2,79.33,425.68,120041.76,FIT
2025-06-16,"Regnum Carya",530,479,3,90.38,398.51,189690.76,Corporate
2025-06-16,"Regnum The Crown",358,287,1,80.17,459.76,131491.36,Leisure
2025-06-17,"Regnum Carya",530,450,3,84.91,390.03,174343.41,Leisure
2025-06-17,"Regnum The Crown",358,268,4,74.86,445.01,117482.64,Corporate
2025-06-18,"Regnum Carya",530,478,2,90.19,405.4,192970.4,Group
2025-06-18,"Regnum The Crown",358,284,1,79.33,443.34,125465.22,FIT
2025-06-19,"Regnum Carya",530,447,1,84.34,383.41,171000.86,Leisure
2025-06-19,"Regnum The Crown",358,287,1,80.17,452.21,129332.06,FIT
2025-06-20,"Regnum Carya",530,440,0,83.02,385.4,169576,Leisure
2025-06-20,"Regnum The Crown",358,263,2,73.46,446.16,116447.76,Leisure
2025-06-21,"Regnum Carya",530,478,1,90.19,406.41,193857.57,Group
2025-06-21,"Regnum The Crown",358,277,4,77.37,433.65,118386.45,OTA
2025-06-22,"Regnum Carya",530,501,2,94.53,396.25,197728.75,FIT
2025-06-22,"Regnum The Crown",358,273,1,76.26,445.8,121257.6,Leisure
2025-06-23,"Regnum Carya",530,463,1,87.36,398.92,184301.04,OTA
2025-06-23,"Regnum The Crown",358,272,3,75.98,435.26,117084.94,OTA
2025-06-24,"Regnum Carya",530,480,1,90.57,381.47,182724.13,Group
2025-06-24,"Regnum The Crown",358,251,2,70.11,422.95,105314.55,Corporate
2025-06-25,"Regnum Carya",530,458,4,86.42,404.7,183733.8,Leisure
2025-06-25,"Regnum The Crown",358,270,3,75.42,427.18,114057.06,Corporate
2025-06-26,"Regnum Carya",530,470,2,88.68,402.86,188538.48,FIT
2025-06-26,"Regnum The Crown",358,255,3,71.23,415.94,104816.88,OTA
2025-06-27,"Regnum Carya",530,424,2,80,382.3,161330.6,Leisure
2025-06-27,"Regnum The Crown",358,284,1,79.33,426.51,120702.33,Corporate
2025-06-28,"Regnum Carya",530,509,1,96.04,396.69,201518.52,Corporate
2025-06-28,"Regnum The Crown",358,283,1,79.05,438.17,123563.94,Corporate
2025-06-29,"Regnum Carya",530,496,2,93.58,391.37,193336.78,Leisure
2025-06-29,"Regnum The Crown",358,276,1,77.09,426.13,117185.75,Group
2025-06-30,"Regnum Carya",530,473,0,89.25,394.62,186655.26,FIT
2025-06-30,"Regnum The Crown",358,241,1,67.32,425.66,102158.4,Leisure
2025-07-01,"Regnum Carya",530,437,0,82.45,390.4,170604.8,Group
2025-07-01,"Regnum The Crown",358,252,4,70.39,428.04,106153.92,OTA
2025-07-02,"Regnum Carya",530,442,0,83.4,385.73,170492.66,FIT
2025-07-02,"Regnum The Crown",358,237,2,66.2,421.15,98970.25,Leisure
2025-07-03,"Regnum Carya",530,416,1,78.49,388.75,161331.25,Leisure
2025-07-03,"Regnum The Crown",358,276,2,77.09,443.74,121584.76,OTA
2025-07-04,"Regnum Carya",530,473,0,89.25,380.86,180146.78,FIT
2025-07-04,"Regnum The Crown",358,253,4,70.67,430.04,107079.96,Group
2025-07-05,"Regnum Carya",530,489,2,92.26,410.2,199767.4,Corporate
2025-07-05,"Regnum The Crown",358,291,1,81.28,447.06,129647.4,OTA
2025-07-06,"Regnum Carya",530,485,3,91.51,411.65,198415.3,Corporate
2025-07-06,"Regnum The Crown",358,283,3,79.05,438.9,122892,FIT
2025-07-07,"Regnum Carya",530,429,2,80.94,379.2,161918.4,Group
2025-07-07,"Regnum The Crown",358,262,1,73.18,427.02,111452.22,Group
2025-07-08,"Regnum Carya",530,409,0,77.17,371.06,151763.54,OTA
2025-07-08,"Regnum The Crown",358,264,2,73.74,447.81,117326.22,OTA
2025-07-09,"Regnum Carya",530,412,0,77.74,380.52,156774.24,Corporate
2025-07-09,"Regnum The Crown",358,252,4,70.39,414.14,102706.72,Corporate
2025-07-10,"Regnum Carya",530,466,2,87.92,389.22,180598.08,OTA
2025-07-10,"Regnum The Crown",358,260,1,72.63,436.95,113170.05,Corporate
2025-07-11,"Regnum Carya",530,465,1,87.74,391.23,181530.72,Corporate
2025-07-11,"Regnum The Crown",358,263,0,73.46,441.38,116082.94,Group
2025-07-12,"Regnum Carya",530,447,1,84.34,372.51,166139.46,Group
2025-07-12,"Regnum The Crown",358,282,3,78.77,459.32,128150.28,OTA
2025-07-13,"Regnum Carya",530,487,1,91.89,405.07,196864.02,OTA
2025-07-13,"Regnum The Crown",358,255,0,71.23,440.72,112383.6,Corporate
2025-07-14,"Regnum Carya",530,442,0,83.4,390,172380,Corporate
2025-07-14,"Regnum The Crown",358,259,1,72.35,446.1,115093.8,FIT
2025-07-15,"Regnum Carya",530,459,1,86.6,384.03,175885.74,Corporate
2025-07-15,"Regnum The Crown",358,237,4,66.2,416.11,96953.63,Group
2025-07-16,"Regnum Carya",530,440,3,83.02,386.52,168909.24,Corporate
2025-07-16,"Regnum The Crown",358,244,1,68.16,429.27,104312.61,Group
2025-07-17,"Regnum Carya",530,398,0,75.09,368.26,146567.48,Group
2025-07-17,"Regnum The Crown",358,244,1,68.16,423.78,102978.54,Group
2025-07-18,"Regnum Carya",530,413,3,77.92,382.86,156972.6,FIT
2025-07-18,"Regnum The Crown",358,213,2,59.5,412.54,87045.94,Group
2025-07-19,"Regnum Carya",530,478,2,90.19,401.76,191237.76,Corporate
2025-07-19,"Regnum The Crown",358,240,2,67.04,424.32,100988.16,FIT
2025-07-20,"Regnum Carya",530,467,1,88.11,382.02,178021.32,Corporate
2025-07-20,"Regnum The Crown",358,250,4,69.83,443.7,109150.2,Group
2025-07-21,"Regnum Carya",530,406,1,76.6,379.63,153750.15,Corporate
2025-07-21,"Regnum The Crown",358,219,3,61.17,420.05,90730.8,OTA
2025-07-22,"Regnum Carya",530,412,2,77.74,383.61,157280.1,Group
2025-07-22,"Regnum The Crown",358,218,1,60.89,402.01,87236.17,Group
2025-07-23,"Regnum Carya",530,435,4,82.08,379.1,163392.1,Group
2025-07-23,"Regnum The Crown",358,237,0,66.2,429.82,101867.34,Group
2025-07-24,"Regnum Carya",530,423,3,79.81,382.7,160734,OTA
2025-07-24,"Regnum The Crown",358,201,0,56.15,414.74,83362.74,FIT
2025-07-25,"Regnum Carya",530,425,1,80.19,394.14,167115.36,Corporate
2025-07-25,"Regnum The Crown",358,214,2,59.78,397.71,84314.52,FIT
2025-07-26,"Regnum Carya",530,449,2,84.72,376.71,168389.37,Corporate
2025-07-26,"Regnum The Crown",358,237,2,66.2,436.47,102570.45,Corporate
2025-07-27,"Regnum Carya",530,438,2,82.64,383.09,167027.24,Group
2025-07-27,"Regnum The Crown",358,247,0,68.99,418.84,103453.48,Group
2025-07-28,"Regnum Carya",530,429,3,80.94,380.27,161995.02,FIT
2025-07-28,"Regnum The Crown",358,205,1,57.26,394.01,80378.04,Corporate
2025-07-29,"Regnum Carya",530,439,1,82.83,373.87,163755.06,Corporate
2025-07-29,"Regnum The Crown",358,193,3,53.91,393.55,74774.5,FIT
2025-07-30,"Regnum Carya",530,408,3,76.98,384.76,155827.8,Corporate
2025-07-30,"Regnum The Crown",358,201,3,56.15,407.45,80675.1,Leisure
2025-07-31,"Regnum Carya",530,379,4,71.51,356.77,133788.75,Corporate
2025-07-31,"Regnum The Crown",358,199,2,55.59,405.06,79796.82,Corporate
2025-08-01,"Regnum Carya",530,423,3,79.81,389.65,163653,FIT
2025-08-01,"Regnum The Crown",358,211,0,58.94,411.91,86913.01,Corporate
2025-08-02,"Regnum Carya",530,438,2,82.64,396.15,172721.4,FIT
2025-08-02,"Regnum The Crown",358,220,3,61.45,417.49,90595.33,Corporate
2025-08-03,"Regnum Carya",530,403,2,76.04,369.2,148049.2,FIT
2025-08-03,"Regnum The Crown",358,206,2,57.54,424.69,86636.76,Group
2025-08-04,"Regnum Carya",530,409,2,77.17,387.49,157708.43,OTA
2025-08-04,"Regnum The Crown",358,207,4,57.82,409.94,83217.82,Leisure
2025-08-05,"Regnum Carya",530,376,0,70.94,379.23,142590.48,Leisure
2025-08-05,"Regnum The Crown",358,204,3,56.98,398.29,80056.29,FIT
2025-08-06,"Regnum Carya",530,384,0,72.45,368.82,141626.88,OTA
2025-08-06,"Regnum The Crown",358,180,0,50.28,404.01,72721.8,Leisure
2025-08-07,"Regnum Carya",530,362,3,68.3,374.2,134337.8,Group
2025-08-07,"Regnum The Crown",358,192,4,53.63,413.46,77730.48,Group
2025-08-08,"Regnum Carya",530,396,3,74.72,365.81,143763.33,Group
2025-08-08,"Regnum The Crown",358,204,1,56.98,412.79,83796.37,Corporate
2025-08-09,"Regnum Carya",530,426,4,80.38,395.23,166787.06,Corporate
2025-08-09,"Regnum The Crown",358,207,1,57.82,411.04,84674.24,Group
2025-08-10,"Regnum Carya",530,435,3,82.08,391.91,169305.12,Corporate
2025-08-10,"Regnum The Crown",358,227,0,63.41,433.06,98304.62,FIT
2025-08-11,"Regnum Carya",530,377,3,71.13,369.74,138282.76,Corporate
2025-08-11,"Regnum The Crown",358,176,3,49.16,412.91,71433.43,Leisure
2025-08-12,"Regnum Carya",530,406,4,76.6,370.93,149113.86,Group
2025-08-12,"Regnum The Crown",358,181,2,50.56,414.51,74197.29,OTA
2025-08-13,"Regnum Carya",530,396,3,74.72,381.43,149901.99,FIT
2025-08-13,"Regnum The Crown",358,168,2,46.93,394.47,65482.02,Group
2025-08-14,"Regnum Carya",530,404,3,76.23,380.46,152564.46,OTA
2025-08-14,"Regnum The Crown",358,167,2,46.65,400.87,66143.55,Group
2025-08-15,"Regnum Carya",530,353,3,66.6,375.6,131460,Corporate
2025-08-15,"Regnum The Crown",358,189,4,52.79,418.21,77368.85,FIT
2025-08-16,"Regnum Carya",530,381,4,71.89,383.23,144477.71,Group
2025-08-16,"Regnum The Crown",358,188,3,52.51,407,75295,OTA
2025-08-17,"Regnum Carya",530,402,1,75.85,390.77,156698.77,OTA
2025-08-17,"Regnum The Crown",358,200,0,55.87,409.52,81904,Corporate
2025-08-18,"Regnum Carya",530,363,3,68.49,365.04,131414.4,Corporate
2025-08-18,"Regnum The Crown",358,163,4,45.53,388.57,61782.63,Corporate
2025-08-19,"Regnum Carya",530,361,3,68.11,369.33,132220.14,Group
2025-08-19,"Regnum The Crown",358,169,3,47.21,398.85,66209.1,OTA
2025-08-20,"Regnum Carya",530,365,3,68.87,368.82,133512.84,OTA
2025-08-20,"Regnum The Crown",358,179,1,50,405.04,72097.12,Group
2025-08-21,"Regnum Carya",530,372,3,70.19,375.57,138585.33,Group
2025-08-21,"Regnum The Crown",358,174,1,48.6,396.96,68674.08,Group
2025-08-22,"Regnum Carya",530,358,4,67.55,360.19,127507.26,Corporate
2025-08-22,"Regnum The Crown",358,156,0,43.58,379.43,59191.08,Group
2025-08-23,"Regnum Carya",530,379,0,71.51,370.86,140555.94,Corporate
2025-08-23,"Regnum The Crown",358,176,2,49.16,391.14,68058.36,Group
2025-08-24,"Regnum Carya",530,406,2,76.6,375.79,151819.16,OTA
2025-08-24,"Regnum The Crown",358,210,4,58.66,399.8,82358.8,Leisure
2025-08-25,"Regnum Carya",530,337,2,63.58,350.1,117283.5,Group
2025-08-25,"Regnum The Crown",358,167,1,46.65,399.22,66270.52,Group
2025-08-26,"Regnum Carya",530,376,2,70.94,357.18,133585.32,Corporate
2025-08-26,"Regnum The Crown",358,144,0,40.22,379.74,54682.56,Leisure
2025-08-27,"Regnum Carya",530,328,4,61.89,362.52,117456.48,Corporate
2025-08-27,"Regnum The Crown",358,155,4,43.3,396.51,59873.01,Leisure
2025-08-28,"Regnum Carya",530,334,1,63.02,360.54,120059.82,FIT
2025-08-28,"Regnum The Crown",358,155,2,43.3,402.64,61603.92,FIT
2025-08-29,"Regnum Carya",530,330,1,62.26,363.29,119522.41,OTA
2025-08-29,"Regnum The Crown",358,141,4,39.39,392.85,53820.45,OTA
2025-08-30,"Regnum Carya",530,346,0,65.28,354.45,122639.7,Group
2025-08-30,"Regnum The Crown",358,180,4,50.28,386.71,68060.96,Corporate
2025-08-31,"Regnum Carya",530,357,3,67.36,359.07,127110.78,OTA
2025-08-31,"Regnum The Crown",358,172,1,48.04,387.36,66238.56,Group
2025-09-01,"Regnum Carya",530,303,3,57.17,349.45,104835,Leisure
2025-09-01,"Regnum The Crown",358,164,1,45.81,377.21,61485.23,FIT
2025-09-02,"Regnum Carya",530,359,1,67.74,377.05,134983.9,OTA
2025-09-02,"Regnum The Crown",358,139,2,38.83,371.54,50900.98,OTA
2025-09-03,"Regnum Carya",530,296,1,55.85,364.36,107486.2,Leisure
2025-09-03,"Regnum The Crown",358,141,1,39.39,384.86,53880.4,Corporate
2025-09-04,"Regnum Carya",530,300,1,56.6,362.55,108402.45,OTA
2025-09-04,"Regnum The Crown",358,136,2,37.99,378.71,50747.14,OTA
2025-09-05,"Regnum Carya",530,312,2,58.87,351.77,109048.7,FIT
2025-09-05,"Regnum The Crown",358,162,3,45.25,382.61,60834.99,OTA
2025-09-06,"Regnum Carya",530,341,1,64.34,365.34,124215.6,FIT
2025-09-06,"Regnum The Crown",358,151,1,42.18,382.36,57354,Corporate
2025-09-07,"Regnum Carya",530,323,2,60.94,352.25,113072.25,FIT
2025-09-07,"Regnum The Crown",358,175,4,48.88,407.06,69607.26,OTA
2025-09-08,"Regnum Carya",530,285,1,53.77,337.4,95821.6,Leisure
2025-09-08,"Regnum The Crown",358,163,2,45.53,392.03,63116.83,OTA
2025-09-09,"Regnum Carya",530,303,1,57.17,353.99,106904.98,Group
2025-09-09,"Regnum The Crown",358,130,0,36.31,374.74,48716.2,Corporate
2025-09-10,"Regnum Carya",530,327,3,61.7,370.04,119892.96,OTA
2025-09-10,"Regnum The Crown",358,138,1,38.55,382.68,52427.16,Group
2025-09-11,"Regnum Carya",530,308,2,58.11,363.37,111191.22,Leisure
2025-09-11,"Regnum The Crown",358,162,0,45.25,405.19,65640.78,OTA
2025-09-12,"Regnum Carya",530,315,3,59.43,365.48,114029.76,Group
2025-09-12,"Regnum The Crown",358,124,3,34.64,362.09,43812.89,Corporate
2025-09-13,"Regnum Carya",530,347,2,65.47,366.44,126421.8,Corporate
2025-09-13,"Regnum The Crown",358,152,1,42.46,380.9,57515.9,Group
2025-09-14,"Regnum Carya",530,338,1,63.77,374.3,126139.1,FIT
2025-09-14,"Regnum The Crown",358,141,2,39.39,376.33,52309.87,Group
2025-09-15,"Regnum Carya",530,326,3,61.51,369.07,119209.61,FIT
2025-09-15,"Regnum The Crown",358,129,2,36.03,389.87,49513.49,Leisure
2025-09-16,"Regnum Carya",530,304,1,57.36,343.38,104044.14,Group
2025-09-16,"Regnum The Crown",358,144,2,40.22,371.76,52789.92,FIT
2025-09-17,"Regnum Carya",530,301,3,56.79,365.92,109044.16,Corporate
2025-09-17,"Regnum The Crown",358,131,3,36.59,383.45,49081.6,Leisure
2025-09-18,"Regnum Carya",530,275,0,51.89,337.33,92765.75,Group
2025-09-18,"Regnum The Crown",358,129,3,36.03,381.68,48091.68,FIT
2025-09-19,"Regnum Carya",530,299,0,56.42,350.97,104940.03,OTA
2025-09-19,"Regnum The Crown",358,136,2,37.99,386.21,51752.14,OTA
2025-09-20,"Regnum Carya",530,329,3,62.08,354.34,115514.84,OTA
2025-09-20,"Regnum The Crown",358,165,4,46.09,382.85,61638.85,FIT
2025-09-21,"Regnum Carya",530,343,2,64.72,372.26,126940.66,Group
2025-09-21,"Regnum The Crown",358,157,1,43.85,379.07,59134.92,OTA
2025-09-22,"Regnum Carya",530,265,1,50,336.69,88886.16,Corporate
2025-09-22,"Regnum The Crown",358,149,1,41.62,372.03,55060.44,Leisure
2025-09-23,"Regnum Carya",530,279,0,52.64,343.59,95861.61,Group
2025-09-23,"Regnum The Crown",358,130,2,36.31,368.18,47127.04,Leisure
2025-09-24,"Regnum Carya",530,284,3,53.58,357.37,100420.97,Group
2025-09-24,"Regnum The Crown",358,145,3,40.5,376.66,53485.72,Group
2025-09-25,"Regnum Carya",530,242,4,45.66,324.57,77247.66,FIT
2025-09-25,"Regnum The Crown",358,139,3,38.83,380.68,51772.48,Corporate
2025-09-26,"Regnum Carya",530,251,3,47.36,352.67,87462.16,OTA
2025-09-26,"Regnum The Crown",358,134,3,37.43,378.6,49596.6,Leisure
2025-09-27,"Regnum Carya",530,325,1,61.32,345.04,111792.96,OTA
2025-09-27,"Regnum The Crown",358,156,2,43.58,381.03,58678.62,OTA
2025-09-28,"Regnum Carya",530,287,3,54.15,344.61,97869.24,OTA
2025-09-28,"Regnum The Crown",358,163,4,45.53,398.48,63358.32,FIT
2025-09-29,"Regnum Carya",530,283,1,53.4,334.9,94441.8,Corporate
2025-09-29,"Regnum The Crown",358,131,2,36.59,366.84,47322.36,Corporate
2025-09-30,"Regnum Carya",530,276,3,52.08,342.05,93379.65,OTA
2025-09-30,"Regnum The Crown",358,137,2,38.27,374.26,50525.1,Corporate
2025-10-01,"Regnum Carya",530,280,1,52.83,349.64,97549.56,Corporate
2025-10-01,"Regnum The Crown",358,124,0,34.64,381.89,47354.36,Group
2025-10-02,"Regnum Carya",530,271,4,51.13,352.49,94114.83,Group
2025-10-02,"Regnum The Crown",358,140,2,39.11,380.28,52478.64,Leisure
2025-10-03,"Regnum Carya",530,277,1,52.26,337.25,93081,Leisure
2025-10-03,"Regnum The Crown",358,136,4,37.99,385.69,50911.08,Group
2025-10-04,"Regnum Carya",530,290,3,54.72,354.4,101712.8,FIT
2025-10-04,"Regnum The Crown",358,119,0,33.24,368.5,43851.5,Corporate
2025-10-05,"Regnum Carya",530,305,4,57.55,364.44,109696.44,Group
2025-10-05,"Regnum The Crown",358,130,4,36.31,373.03,47001.78,Corporate
2025-10-06,"Regnum Carya",530,271,3,51.13,336.38,90149.84,Group
2025-10-06,"Regnum The Crown",358,119,3,33.24,380.68,44158.88,Leisure
2025-10-07,"Regnum Carya",530,231,3,43.58,331.75,75639,Group
2025-10-07,"Regnum The Crown",358,126,0,35.2,380.53,47946.78,FIT
2025-10-08,"Regnum Carya",530,252,1,47.55,336.23,84393.73,OTA
2025-10-08,"Regnum The Crown",358,100,1,27.93,377.76,37398.24,OTA
2025-10-09,"Regnum Carya",530,221,0,41.7,332.79,73546.59,FIT
2025-10-09,"Regnum The Crown",358,133,3,37.15,389.64,50653.2,OTA
2025-10-10,"Regnum Carya",530,263,2,49.62,353.51,92266.11,FIT
2025-10-10,"Regnum The Crown",358,115,1,32.12,368.38,41995.32,Group
2025-10-11,"Regnum Carya",530,286,1,53.96,342.57,97632.45,OTA
2025-10-11,"Regnum The Crown",358,134,3,37.43,377.99,49516.69,Leisure
2025-10-12,"Regnum Carya",530,282,3,53.21,334.74,93392.46,OTA
2025-10-12,"Regnum The Crown",358,127,4,35.47,385.19,47378.37,FIT
2025-10-13,"Regnum Carya",530,234,4,44.15,340.17,78239.1,OTA
2025-10-13,"Regnum The Crown",358,107,0,29.89,380.1,40670.7,OTA
2025-10-14,"Regnum Carya",530,258,2,48.68,337.95,86515.2,Corporate
2025-10-14,"Regnum The Crown",358,133,2,37.15,382.78,50144.18,Corporate
2025-10-15,"Regnum Carya",530,235,2,44.34,330.24,76945.92,Corporate
2025-10-15,"Regnum The Crown",358,100,1,27.93,365.53,36187.47,Group
2025-10-16,"Regnum Carya",530,252,1,47.55,342.34,85927.34,Group
2025-10-16,"Regnum The Crown",358,101,2,28.21,354.94,35139.06,Corporate
2025-10-17,"Regnum Carya",530,203,3,38.3,324.28,64856,Leisure
2025-10-17,"Regnum The Crown",358,103,3,28.77,356.29,35629,Group
2025-10-18,"Regnum Carya",530,241,2,45.47,332.82,79543.98,Group
2025-10-18,"Regnum The Crown",358,130,4,36.31,365.73,46081.98,OTA
2025-10-19,"Regnum Carya",530,260,2,49.06,339.96,87709.68,FIT
2025-10-19,"Regnum The Crown",358,137,1,38.27,370.62,50404.32,OTA
2025-10-20,"Regnum Carya",530,197,1,37.17,314.33,61608.68,Group
2025-10-20,"Regnum The Crown",358,123,2,34.36,378.49,45797.29,Leisure
2025-10-21,"Regnum Carya",530,186,0,35.09,316.73,58911.78,Corporate
2025-10-21,"Regnum The Crown",358,103,1,28.77,356.12,36324.24,OTA
2025-10-22,"Regnum Carya",530,203,3,38.3,332.68,66536,FIT
2025-10-22,"Regnum The Crown",358,120,2,33.52,387.13,45681.34,Group
2025-10-23,"Regnum Carya",530,198,3,37.36,325.92,63554.4,OTA
2025-10-23,"Regnum The Crown",358,115,3,32.12,378.25,42364,FIT
2025-10-24,"Regnum Carya",530,221,2,41.7,336.07,73599.33,FIT
2025-10-24,"Regnum The Crown",358,100,4,27.93,360.67,34624.32,FIT
2025-10-25,"Regnum Carya",530,244,3,46.04,341.89,82395.49,FIT
2025-10-25,"Regnum The Crown",358,143,3,39.94,381.34,53387.6,Corporate
2025-10-26,"Regnum Carya",530,235,3,44.34,335.85,77917.2,Group
2025-10-26,"Regnum The Crown",358,150,3,41.9,394.93,58054.71,OTA
2025-10-27,"Regnum Carya",530,208,1,39.25,339.17,70208.19,Leisure
2025-10-27,"Regnum The Crown",358,116,1,32.4,370.86,42648.9,Group
2025-10-28,"Regnum Carya",530,210,3,39.62,339.33,70241.31,Group
2025-10-28,"Regnum The Crown",358,100,3,27.93,376.03,36474.91,OTA
2025-10-29,"Regnum Carya",530,221,1,41.7,337.31,74208.2,Group
2025-10-29,"Regnum The Crown",358,125,0,34.92,375.69,46961.25,FIT
2025-10-30,"Regnum Carya",530,177,4,33.4,312.07,53988.11,Group
2025-10-30,"Regnum The Crown",358,113,3,31.56,373.84,41122.4,Corporate
2025-10-31,"Regnum Carya",530,169,2,31.89,328.04,54782.68,Leisure
2025-10-31,"Regnum The Crown",358,100,3,27.93,367.33,35631.01,FIT
2025-11-01,"Regnum Carya",530,216,3,40.75,327.37,69729.81,Leisure
2025-11-01,"Regnum The Crown",358,110,2,30.73,360.55,38939.4,Leisure
2025-11-02,"Regnum Carya",530,221,3,41.7,322.12,70222.16,Group
2025-11-02,"Regnum The Crown",358,135,1,37.71,388.5,52059,OTA
2025-11-03,"Regnum Carya",530,162,3,30.57,306.79,48779.61,OTA
2025-11-03,"Regnum The Crown",358,107,3,29.89,380.5,39572,Corporate
2025-11-04,"Regnum Carya",530,217,2,40.94,323.45,69541.75,Group
2025-11-04,"Regnum The Crown",358,100,2,27.93,357.2,35005.6,OTA
2025-11-05,"Regnum Carya",530,166,0,31.32,331.46,55022.36,OTA
2025-11-05,"Regnum The Crown",358,111,2,31.01,379.57,41373.13,OTA
2025-11-06,"Regnum Carya",530,192,4,36.23,323.23,60767.24,Leisure
2025-11-06,"Regnum The Crown",358,124,2,34.64,380.59,46431.98,FIT
2025-11-07,"Regnum Carya",530,201,3,37.92,340.74,67466.52,Corporate
2025-11-07,"Regnum The Crown",358,115,0,32.12,376.65,43314.75,FIT
2025-11-08,"Regnum Carya",530,241,3,45.47,339.19,80727.22,FIT
2025-11-08,"Regnum The Crown",358,146,3,40.78,385.86,55177.98,Leisure
2025-11-09,"Regnum Carya",530,215,2,40.57,339.72,72360.36,Corporate
2025-11-09,"Regnum The Crown",358,113,4,31.56,375.34,40912.06,OTA
2025-11-10,"Regnum Carya",530,153,3,28.87,322.64,48396,Leisure
2025-11-10,"Regnum The Crown",358,100,3,27.93,366.32,35533.04,OTA
2025-11-11,"Regnum Carya",530,149,2,28.11,324.69,47729.43,OTA
2025-11-11,"Regnum The Crown",358,114,3,31.84,363.84,40386.24,Leisure
2025-11-12,"Regnum Carya",530,166,3,31.32,311.83,50828.29,Corporate
2025-11-12,"Regnum The Crown",358,100,1,27.93,368.02,36433.98,Group
2025-11-13,"Regnum Carya",530,148,0,27.92,305.6,45228.8,Leisure
2025-11-13,"Regnum The Crown",358,111,3,31.01,356.41,38492.28,Leisure
2025-11-14,"Regnum Carya",530,158,2,29.81,305.67,47684.52,Group
2025-11-14,"Regnum The Crown",358,105,0,29.33,371.3,38986.5,OTA
2025-11-15,"Regnum Carya",530,217,1,40.94,340.34,73513.44,OTA
2025-11-15,"Regnum The Crown",358,116,3,32.4,372.46,42087.98,FIT
2025-11-16,"Regnum Carya",530,176,3,33.21,311.93,53963.89,OTA
2025-11-16,"Regnum The Crown",358,122,3,34.08,371.74,44237.06,OTA
2025-11-17,"Regnum Carya",530,149,1,28.11,312.21,46207.08,Leisure
2025-11-17,"Regnum The Crown",358,133,3,37.15,389.62,50650.6,OTA
2025-11-18,"Regnum Carya",530,148,3,27.92,323.59,46920.55,Corporate
2025-11-18,"Regnum The Crown",358,112,0,31.28,362.78,40631.36,Group
2025-11-19,"Regnum Carya",530,176,4,33.21,312.77,53796.44,OTA
2025-11-19,"Regnum The Crown",358,104,1,29.05,374.57,38580.71,Corporate
2025-11-20,"Regnum Carya",530,175,3,33.02,333.63,57384.36,FIT
2025-11-20,"Regnum The Crown",358,100,3,27.93,378.67,36730.99,FIT
2025-11-21,"Regnum Carya",530,178,0,33.58,316.15,56274.7,Group
2025-11-21,"Regnum The Crown",358,100,1,27.93,360.1,35649.9,Corporate
2025-11-22,"Regnum Carya",530,225,3,42.45,332.36,73783.92,FIT
2025-11-22,"Regnum The Crown",358,149,3,41.62,387.97,56643.62,Group
2025-11-23,"Regnum Carya",530,214,0,40.38,328.24,70243.36,Corporate
2025-11-23,"Regnum The Crown",358,139,1,38.83,389.16,53704.08,OTA
2025-11-24,"Regnum Carya",530,197,3,37.17,318.19,61728.86,Corporate
2025-11-24,"Regnum The Crown",358,137,2,38.27,370.68,50041.8,Corporate
2025-11-25,"Regnum Carya",530,153,1,28.87,319.69,48592.88,Leisure
2025-11-25,"Regnum The Crown",358,119,1,33.24,364.62,43025.16,Leisure
2025-11-26,"Regnum Carya",530,148,0,27.92,323.86,47931.28,Leisure
2025-11-26,"Regnum The Crown",358,109,1,30.45,376.56,40668.48,FIT
2025-11-27,"Regnum Carya",530,148,4,27.92,309.31,44540.64,FIT
2025-11-27,"Regnum The Crown",358,126,0,35.2,381.37,48052.62,FIT
2025-11-28,"Regnum Carya",530,187,2,35.28,332.18,61453.3,Leisure
2025-11-28,"Regnum The Crown",358,138,3,38.55,394.77,53293.95,Group
2025-11-29,"Regnum Carya",530,223,2,42.08,335.65,74178.65,Leisure
2025-11-29,"Regnum The Crown",358,149,1,41.62,391.55,57949.4,Corporate
2025-11-30,"Regnum Carya",530,167,4,31.51,325.96,53131.48,FIT
2025-11-30,"Regnum The Crown",358,155,2,43.3,401.47,61424.91,OTA
2025-12-01,"Regnum Carya",530,148,2,27.92,320.71,46823.66,Leisure
2025-12-01,"Regnum The Crown",358,132,1,36.87,370.06,48477.86,FIT
2025-12-02,"Regnum Carya",530,159,0,30,321.51,51120.09,Corporate
2025-12-02,"Regnum The Crown",358,143,2,39.94,371.67,52405.47,FIT
2025-12-03,"Regnum Carya",530,158,4,29.81,315.39,48570.06,Leisure
2025-12-03,"Regnum The Crown",358,141,2,39.39,379.41,52737.99,FIT
2025-12-04,"Regnum Carya",530,148,3,27.92,315.93,45809.85,Corporate
2025-12-04,"Regnum The Crown",358,144,3,40.22,372.29,52492.89,Leisure
2025-12-05,"Regnum Carya",530,165,0,31.13,328.98,54281.7,Group
2025-12-05,"Regnum The Crown",358,112,3,31.28,369.48,40273.32,OTA
2025-12-06,"Regnum Carya",530,194,1,36.6,319.42,61648.06,Corporate
2025-12-06,"Regnum The Crown",358,167,1,46.65,392.37,65133.42,FIT
2025-12-07,"Regnum Carya",530,214,1,40.38,333.72,71082.36,FIT
2025-12-07,"Regnum The Crown",358,131,4,36.59,376.58,47825.66,FIT
2025-12-08,"Regnum Carya",530,154,1,29.06,311.73,47694.69,FIT
2025-12-08,"Regnum The Crown",358,118,1,32.96,369.47,43227.99,Corporate
2025-12-09,"Regnum Carya",530,190,2,35.85,314.85,59191.8,FIT
2025-12-09,"Regnum The Crown",358,140,3,39.11,367.41,50335.17,Leisure
2025-12-10,"Regnum Carya",530,157,0,29.62,323.7,50820.9,FIT
2025-12-10,"Regnum The Crown",358,130,4,36.31,384.91,48498.66,Group
2025-12-11,"Regnum Carya",530,148,2,27.92,323.14,47178.44,Group
2025-12-11,"Regnum The Crown",358,126,2,35.2,371.93,46119.32,OTA
2025-12-12,"Regnum Carya",530,187,2,35.28,334.73,61925.05,OTA
2025-12-12,"Regnum The Crown",358,153,3,42.74,393.43,59014.5,Group
2025-12-13,"Regnum Carya",530,202,1,38.11,338.67,68072.67,Leisure
2025-12-13,"Regnum The Crown",358,155,2,43.3,400.27,61241.31,OTA
2025-12-14,"Regnum Carya",530,171,2,32.26,310.72,52511.68,Group
2025-12-14,"Regnum The Crown",358,136,3,37.99,384.6,51151.8,FIT
2025-12-15,"Regnum Carya",530,171,2,32.26,332.98,56273.62,Leisure
2025-12-15,"Regnum The Crown",358,126,1,35.2,365.22,45652.5,OTA
2025-12-16,"Regnum Carya",530,181,0,34.15,330,59730,Group
2025-12-16,"Regnum The Crown",358,127,1,35.47,390.1,49152.6,OTA
2025-12-17,"Regnum Carya",530,148,4,27.92,303.49,43702.56,Leisure
2025-12-17,"Regnum The Crown",358,152,3,42.46,388.43,57876.07,Leisure
2025-12-18,"Regnum Carya",530,148,2,27.92,325.59,47536.14,Leisure
2025-12-18,"Regnum The Crown",358,157,3,43.85,398.68,61396.72,Leisure
2025-12-19,"Regnum Carya",530,159,0,30,309.67,49237.53,Group
2025-12-19,"Regnum The Crown",358,144,1,40.22,375.58,53707.94,FIT
2025-12-20,"Regnum Carya",530,202,2,38.11,319.34,63868,Leisure
2025-12-20,"Regnum The Crown",358,146,2,40.78,370.02,53282.88,Group
2025-12-21,"Regnum Carya",530,206,2,38.87,328.13,66938.52,Group
2025-12-21,"Regnum The Crown",358,164,3,45.81,404.86,65182.46,Leisure
2025-12-22,"Regnum Carya",530,173,0,32.64,320.59,55462.07,FIT
2025-12-22,"Regnum The Crown",358,133,2,37.15,389.71,51052.01,Leisure
2025-12-23,"Regnum Carya",530,189,1,35.66,330.72,62175.36,Leisure
2025-12-23,"Regnum The Crown",358,143,4,39.94,385.23,53546.97,FIT
2025-12-24,"Regnum Carya",530,164,2,30.94,331.3,53670.6,OTA
2025-12-24,"Regnum The Crown",358,136,3,37.99,388.62,51686.46,FIT
2025-12-25,"Regnum Carya",530,148,2,27.92,310.82,45379.72,Corporate
2025-12-25,"Regnum The Crown",358,149,1,41.62,381.9,56521.2,Corporate
2025-12-26,"Regnum Carya",530,148,1,27.92,322.9,47466.3,Corporate
2025-12-26,"Regnum The Crown",358,169,4,47.21,388.87,64163.55,Corporate
2025-12-27,"Regnum Carya",530,190,3,35.85,314.68,58845.16,OTA
2025-12-27,"Regnum The Crown",358,166,2,46.37,391.66,64232.24,OTA
2025-12-28,"Regnum Carya",530,176,0,33.21,330.97,58250.72,Corporate
2025-12-28,"Regnum The Crown",358,167,3,46.65,407.54,66836.56,OTA
2025-12-29,"Regnum Carya",530,148,2,27.92,327.4,47800.4,OTA
2025-12-29,"Regnum The Crown",358,147,0,41.06,392.77,57737.19,Leisure
2025-12-30,"Regnum Carya",530,148,3,27.92,318.49,46181.05,FIT
2025-12-30,"Regnum The Crown",358,170,2,47.49,402.76,67663.68,FIT
2025-12-31,"Regnum Carya",530,159,4,30,305.45,47344.75,Corporate
2025-12-31,"Regnum The Crown",358,139,1,38.83,389.26,53717.88,Corporate
2026-01-01,"Regnum Carya",530,194,1,36.6,315.35,60862.55,OTA
2026-01-01,"Regnum The Crown",358,171,1,47.77,389.32,66184.4,Leisure
2026-01-02,"Regnum Carya",530,158,2,29.81,304.58,47514.48,OTA
2026-01-02,"Regnum The Crown",358,165,2,46.09,388.14,63266.82,Corporate
2026-01-03,"Regnum Carya",530,187,0,35.28,321.14,60053.18,Group
2026-01-03,"Regnum The Crown",358,185,3,51.68,403.21,73384.22,FIT
2026-01-04,"Regnum Carya",530,195,2,36.79,323.71,62476.03,FIT
2026-01-04,"Regnum The Crown",358,196,0,54.75,412.04,80759.84,FIT
2026-01-05,"Regnum Carya",530,177,1,33.4,327.33,57610.08,Group
2026-01-05,"Regnum The Crown",358,182,1,50.84,401.46,72664.26,FIT
2026-01-06,"Regnum Carya",530,180,4,33.96,313.04,55095.04,FIT
2026-01-06,"Regnum The Crown",358,163,0,45.53,404.96,66008.48,Corporate
2026-01-07,"Regnum Carya",530,204,4,38.49,319.39,63878,Leisure
2026-01-07,"Regnum The Crown",358,166,3,46.37,384.18,62621.34,Corporate
2026-01-08,"Regnum Carya",530,148,3,27.92,311.2,45124,Leisure
2026-01-08,"Regnum The Crown",358,186,2,51.96,417.89,76891.76,OTA
2026-01-09,"Regnum Carya",530,186,4,35.09,322.7,58731.4,OTA
2026-01-09,"Regnum The Crown",358,184,1,51.4,393.74,72054.42,Group
2026-01-10,"Regnum Carya",530,235,3,44.34,331.35,76873.2,Corporate
2026-01-10,"Regnum The Crown",358,179,2,50,402.35,71215.95,OTA
2026-01-11,"Regnum Carya",530,195,2,36.79,334.22,64504.46,Corporate
2026-01-11,"Regnum The Crown",358,212,2,59.22,397.46,83466.6,FIT
2026-01-12,"Regnum Carya",530,151,1,28.49,307.68,46152,OTA
2026-01-12,"Regnum The Crown",358,164,3,45.81,403.54,64969.94,Group
2026-01-13,"Regnum Carya",530,159,2,30,323.31,50759.67,Corporate
2026-01-13,"Regnum The Crown",358,172,3,48.04,384.05,64904.45,OTA
2026-01-14,"Regnum Carya",530,162,3,30.57,325.08,51687.72,Leisure
2026-01-14,"Regnum The Crown",358,177,0,49.44,385.82,68290.14,OTA
2026-01-15,"Regnum Carya",530,198,0,37.36,335.89,66506.22,OTA
2026-01-15,"Regnum The Crown",358,198,2,55.31,402.8,78948.8,Group
2026-01-16,"Regnum Carya",530,165,1,31.13,317.19,52019.16,Corporate
2026-01-16,"Regnum The Crown",358,198,2,55.31,418.95,82114.2,Leisure
2026-01-17,"Regnum Carya",530,231,3,43.58,339.89,77494.92,Group
2026-01-17,"Regnum The Crown",358,201,2,56.15,412.25,82037.75,Leisure
2026-01-18,"Regnum Carya",530,219,2,41.32,341.01,73999.17,Group
2026-01-18,"Regnum The Crown",358,203,3,56.7,409.12,81824,Leisure
2026-01-19,"Regnum Carya",530,189,1,35.66,325.06,61111.28,OTA
2026-01-19,"Regnum The Crown",358,184,2,51.4,401.24,73025.68,FIT
2026-01-20,"Regnum Carya",530,179,3,33.77,329.98,58076.48,Leisure
2026-01-20,"Regnum The Crown",358,180,0,50.28,387.15,69687,Leisure
2026-01-21,"Regnum Carya",530,191,1,36.04,315.92,60024.8,Leisure
2026-01-21,"Regnum The Crown",358,188,0,52.51,396.02,74451.76,Corporate
2026-01-22,"Regnum Carya",530,226,0,42.64,322.59,72905.34,Group
2026-01-22,"Regnum The Crown",358,185,1,51.68,396.42,72941.28,Corporate
2026-01-23,"Regnum Carya",530,183,3,34.53,329.66,59338.8,Corporate
2026-01-23,"Regnum The Crown",358,181,0,50.56,404.85,73277.85,FIT
2026-01-24,"Regnum Carya",530,219,4,41.32,324.68,69806.2,OTA
2026-01-24,"Regnum The Crown",358,206,3,57.54,398.42,80879.26,OTA
2026-01-25,"Regnum Carya",530,213,4,40.19,334.94,70002.46,Group
2026-01-25,"Regnum The Crown",358,239,3,66.76,425.74,100474.64,FIT
2026-01-26,"Regnum Carya",530,227,0,42.83,328.67,74608.09,Group
2026-01-26,"Regnum The Crown",358,218,2,60.89,419.42,90594.72,Group
2026-01-27,"Regnum Carya",530,198,1,37.36,319.04,62850.88,FIT
2026-01-27,"Regnum The Crown",358,215,4,60.06,430.46,90827.06,Corporate
2026-01-28,"Regnum Carya",530,192,3,36.23,333.84,63095.76,OTA
2026-01-28,"Regnum The Crown",358,217,2,60.61,428.14,92050.1,Group
2026-01-29,"Regnum Carya",530,194,4,36.6,325.12,61772.8,Leisure
2026-01-29,"Regnum The Crown",358,190,2,53.07,414.35,77897.8,Corporate
2026-01-30,"Regnum Carya",530,210,2,39.62,328.96,68423.68,Group
2026-01-30,"Regnum The Crown",358,193,2,53.91,415.55,79370.05,FIT
2026-01-31,"Regnum Carya",530,260,1,49.06,333.65,86415.35,Leisure
2026-01-31,"Regnum The Crown",358,239,0,66.76,429.31,102605.09,FIT
2026-02-01,"Regnum Carya",530,230,1,43.4,346.29,79300.41,Group
2026-02-01,"Regnum The Crown",358,230,4,64.25,432.15,97665.9,Leisure
2026-02-02,"Regnum Carya",530,223,1,42.08,333.31,73994.82,OTA
2026-02-02,"Regnum The Crown",358,195,1,54.47,405.77,78719.38,OTA
2026-02-03,"Regnum Carya",530,199,4,37.55,334.01,65131.95,FIT
2026-02-03,"Regnum The Crown",358,213,2,59.5,424.62,89594.82,FIT
2026-02-04,"Regnum Carya",530,238,2,44.91,344.49,81299.64,Group
2026-02-04,"Regnum The Crown",358,197,3,55.03,414.29,80372.26,Group
2026-02-05,"Regnum Carya",530,215,3,40.57,320.51,67948.12,Corporate
2026-02-05,"Regnum The Crown",358,234,3,65.36,435.1,100508.1,FIT
2026-02-06,"Regnum Carya",530,236,1,44.53,334.64,78640.4,FIT
2026-02-06,"Regnum The Crown",358,229,3,63.97,431.97,97625.22,Leisure
2026-02-07,"Regnum Carya",530,255,2,48.11,342.72,86708.16,Group
2026-02-07,"Regnum The Crown",358,240,2,67.04,409.55,97472.9,Leisure
2026-02-08,"Regnum Carya",530,262,2,49.43,348.92,90719.2,OTA
2026-02-08,"Regnum The Crown",358,264,2,73.74,427.25,111939.5,Group
2026-02-09,"Regnum Carya",530,260,0,49.06,329.7,85722,Corporate
2026-02-09,"Regnum The Crown",358,213,0,59.5,407.42,86780.46,Leisure
2026-02-10,"Regnum Carya",530,239,4,45.09,339.74,79838.9,Corporate
2026-02-10,"Regnum The Crown",358,236,2,65.92,412.15,96443.1,Leisure
2026-02-11,"Regnum Carya",530,253,4,47.74,339.8,84610.2,FIT
2026-02-11,"Regnum The Crown",358,211,4,58.94,404.8,83793.6,FIT
2026-02-12,"Regnum Carya",530,244,1,46.04,337.47,82005.21,OTA
2026-02-12,"Regnum The Crown",358,222,3,62.01,409.51,89682.69,Corporate
2026-02-13,"Regnum Carya",530,226,2,42.64,339.67,76086.08,Corporate
2026-02-13,"Regnum The Crown",358,248,4,69.27,444.02,108340.88,Corporate
2026-02-14,"Regnum Carya",530,304,3,57.36,340.44,102472.44,OTA
2026-02-14,"Regnum The Crown",358,263,1,73.46,440.34,115369.08,OTA
2026-02-15,"Regnum Carya",530,294,1,55.47,344.7,100997.1,Corporate
2026-02-15,"Regnum The Crown",358,269,1,75.14,445.36,119356.48,Group
2026-02-16,"Regnum Carya",530,228,1,43.02,325.5,73888.5,OTA
2026-02-16,"Regnum The Crown",358,250,1,69.83,434.74,108250.26,Group
2026-02-17,"Regnum Carya",530,265,1,50,336.86,88931.04,Corporate
2026-02-17,"Regnum The Crown",358,242,1,67.6,410.8,99002.8,Group
2026-02-18,"Regnum Carya",530,225,3,42.45,335.14,74401.08,OTA
2026-02-18,"Regnum The Crown",358,260,1,72.63,434.25,112470.75,Leisure
2026-02-19,"Regnum Carya",530,233,1,43.96,349.03,80974.96,Group
2026-02-19,"Regnum The Crown",358,225,3,62.85,409.68,90948.96,Corporate
2026-02-20,"Regnum Carya",530,230,1,43.4,340.02,77864.58,Corporate
2026-02-20,"Regnum The Crown",358,223,2,62.29,412.88,91246.48,Leisure
2026-02-21,"Regnum Carya",530,313,2,59.06,341.49,106203.39,Group
2026-02-21,"Regnum The Crown",358,263,1,73.46,427.92,112115.04,OTA
2026-02-22,"Regnum Carya",530,306,1,57.74,355.36,108384.8,FIT
2026-02-22,"Regnum The Crown",358,281,4,78.49,454.75,125965.75,Leisure
2026-02-23,"Regnum Carya",530,277,4,52.26,354.59,96803.07,FIT
2026-02-23,"Regnum The Crown",358,231,0,64.53,434.37,100339.47,OTA
2026-02-24,"Regnum Carya",530,275,4,51.89,348.04,94318.84,Leisure
2026-02-24,"Regnum The Crown",358,242,3,67.6,415.45,99292.55,Leisure
2026-02-25,"Regnum Carya",530,245,1,46.23,340,82960,Group
2026-02-25,"Regnum The Crown",358,261,3,72.91,447.16,115367.28,Corporate
2026-02-26,"Regnum Carya",530,255,1,48.11,334.19,84884.26,OTA
2026-02-26,"Regnum The Crown",358,241,4,67.32,433.68,102782.16,Corporate
2026-02-27,"Regnum Carya",530,257,0,48.49,330.33,84894.81,Leisure
2026-02-27,"Regnum The Crown",358,235,1,65.64,418.05,97823.7,Leisure
2026-02-28,"Regnum Carya",530,324,1,61.13,346.87,112039.01,Leisure
2026-02-28,"Regnum The Crown",358,295,2,82.4,429.85,125946.05,OTA
2026-03-01,"Regnum Carya",530,293,4,55.28,353.31,102106.59,Group
2026-03-01,"Regnum The Crown",358,270,2,75.42,432.9,116017.2,Group
2026-03-02,"Regnum Carya",530,291,2,54.91,349.23,100927.47,Leisure
2026-03-02,"Regnum The Crown",358,241,2,67.32,416.27,99488.53,Group
2026-03-03,"Regnum Carya",530,295,3,55.66,350.47,102337.24,Corporate
2026-03-03,"Regnum The Crown",358,264,3,73.74,442.56,115508.16,Leisure
2026-03-04,"Regnum Carya",530,315,3,59.43,348.96,108875.52,Leisure
2026-03-04,"Regnum The Crown",358,275,4,76.82,440.05,119253.55,Leisure
2026-03-05,"Regnum Carya",530,312,2,58.87,344.63,106835.3,Corporate
2026-03-05,"Regnum The Crown",358,247,1,68.99,439.44,108102.24,Corporate
2026-03-06,"Regnum Carya",530,292,3,55.09,358.66,103652.74,Leisure
2026-03-06,"Regnum The Crown",358,246,2,68.72,421,102724,OTA
2026-03-07,"Regnum Carya",530,297,0,56.04,359.38,106735.86,OTA
2026-03-07,"Regnum The Crown",358,294,3,82.12,448.25,130440.75,FIT
2026-03-08,"Regnum Carya",530,317,2,59.81,361.65,113919.75,FIT
2026-03-08,"Regnum The Crown",358,306,1,85.47,450.93,137533.65,Corporate
2026-03-09,"Regnum Carya",530,320,1,60.38,351.32,112071.08,Group
2026-03-09,"Regnum The Crown",358,275,0,76.82,449.58,123634.5,Leisure
2026-03-10,"Regnum Carya",530,328,3,61.89,359.36,116792,Leisure
2026-03-10,"Regnum The Crown",358,281,3,78.49,455.88,126734.64,Leisure
2026-03-11,"Regnum Carya",530,299,3,56.42,337.94,100030.24,OTA
2026-03-11,"Regnum The Crown",358,276,4,77.09,447.66,121763.52,OTA
2026-03-12,"Regnum Carya",530,308,4,58.11,361.9,110017.6,OTA
2026-03-12,"Regnum The Crown",358,287,1,80.17,444.67,127175.62,FIT
2026-03-13,"Regnum Carya",530,340,3,64.15,361.13,121700.81,Leisure
2026-03-13,"Regnum The Crown",358,274,3,76.54,428.89,116229.19,OTA
2026-03-14,"Regnum Carya",530,348,2,65.66,366.34,126753.64,Leisure
2026-03-14,"Regnum The Crown",358,294,3,82.12,461.55,134311.05,Corporate
2026-03-15,"Regnum Carya",530,374,0,70.57,366.18,136951.32,Group
2026-03-15,"Regnum The Crown",358,277,3,77.37,450.58,123458.92,OTA
2026-03-16,"Regnum Carya",530,336,1,63.4,363.58,121799.3,Leisure
2026-03-16,"Regnum The Crown",358,264,3,73.74,426.16,111227.76,Group
2026-03-17,"Regnum Carya",530,305,3,57.55,345.39,104307.78,Leisure
2026-03-17,"Regnum The Crown",358,291,1,81.28,446.17,129389.3,FIT
2026-03-18,"Regnum Carya",530,338,2,63.77,367.11,123348.96,Group
2026-03-18,"Regnum The Crown",358,273,3,76.26,426.13,115055.1,OTA
2026-03-19,"Regnum Carya",530,348,3,65.66,357.1,123199.5,Corporate
2026-03-19,"Regnum The Crown",358,296,4,82.68,452.46,132118.32,Leisure
2026-03-20,"Regnum Carya",530,356,4,67.17,378.45,133214.4,Corporate
2026-03-20,"Regnum The Crown",358,271,0,75.7,430.49,116662.79,Leisure
2026-03-21,"Regnum Carya",530,377,4,71.13,364.74,136048.02,FIT
2026-03-21,"Regnum The Crown",358,319,2,89.11,459.44,145642.48,OTA
2026-03-22,"Regnum Carya",530,353,4,66.6,357.11,124631.39,Corporate
2026-03-22,"Regnum The Crown",358,303,0,84.64,449.54,136210.62,FIT
2026-03-23,"Regnum Carya",530,334,0,63.02,356.26,118990.84,OTA
2026-03-23,"Regnum The Crown",358,280,2,78.21,443.36,123254.08,Leisure
2026-03-24,"Regnum Carya",530,331,0,62.45,353.05,116859.55,FIT
2026-03-24,"Regnum The Crown",358,273,2,76.26,426.25,115513.75,Leisure
2026-03-25,"Regnum Carya",530,339,1,63.96,366.69,123941.22,Corporate
2026-03-25,"Regnum The Crown",358,281,0,78.49,447.41,125722.21,Corporate
2026-03-26,"Regnum Carya",530,357,1,67.36,359.07,127828.92,Group
2026-03-26,"Regnum The Crown",358,292,0,81.56,448.93,131087.56,OTA
2026-03-27,"Regnum Carya",530,328,4,61.89,356.85,115619.4,Group
2026-03-27,"Regnum The Crown",358,277,4,77.37,436.45,119150.85,OTA
2026-03-28,"Regnum Carya",530,354,2,66.79,373.92,131619.84,Group
2026-03-28,"Regnum The Crown",358,292,3,81.56,439.07,126891.23,FIT
2026-03-29,"Regnum Carya",530,393,2,74.15,376.17,147082.47,Corporate
2026-03-29,"Regnum The Crown",358,306,3,85.47,456.94,138452.82,FIT
2026-03-30,"Regnum Carya",530,382,3,72.08,374.97,142113.63,FIT
2026-03-30,"Regnum The Crown",358,290,2,81.01,434.48,125130.24,Leisure
2026-03-31,"Regnum Carya",530,357,2,67.36,366.99,130281.45,OTA
2026-03-31,"Regnum The Crown",358,284,2,79.33,439.44,123922.08,Corporate
2026-04-01,"Regnum Carya",530,365,0,68.87,365,133225,FIT
2026-04-01,"Regnum The Crown",358,299,3,83.52,436.98,129346.08,FIT
2026-04-02,"Regnum Carya",530,365,2,68.87,361.5,131224.5,Corporate
2026-04-02,"Regnum The Crown",358,281,1,78.49,448.06,125456.8,Corporate
2026-04-03,"Regnum Carya",530,371,0,70,375.73,139395.83,FIT
2026-04-03,"Regnum The Crown",358,296,3,82.68,465.24,136315.32,Leisure
2026-04-04,"Regnum Carya",530,427,3,80.57,394.74,167369.76,Group
2026-04-04,"Regnum The Crown",358,334,3,93.3,455.44,150750.64,Leisure
2026-04-05,"Regnum Carya",530,373,2,70.38,374.89,139084.19,Corporate
2026-04-05,"Regnum The Crown",358,322,4,89.94,445.18,141567.24,Group
2026-04-06,"Regnum Carya",530,373,3,70.38,368.47,136333.9,Corporate
2026-04-06,"Regnum The Crown",358,298,1,83.24,449.18,133406.46,FIT
2026-04-07,"Regnum Carya",530,399,1,75.28,385.43,153401.14,Corporate
2026-04-07,"Regnum The Crown",358,281,0,78.49,443.55,124637.55,Group
2026-04-08,"Regnum Carya",530,353,3,66.6,377.32,132062,Corporate
2026-04-08,"Regnum The Crown",358,301,3,84.08,438.71,130735.58,Group
2026-04-09,"Regnum Carya",530,359,0,67.74,378.32,135816.88,FIT
2026-04-09,"Regnum The Crown",358,296,2,82.68,449.3,132094.2,OTA
2026-04-10,"Regnum Carya",530,409,2,77.17,389.74,158624.18,FIT
2026-04-10,"Regnum The Crown",358,293,3,81.84,438.02,127025.8,OTA
2026-04-11,"Regnum Carya",530,416,0,78.49,389.11,161869.76,FIT
2026-04-11,"Regnum The Crown",358,316,0,88.27,455.14,143824.24,Leisure
2026-04-12,"Regnum Carya",530,435,4,82.08,378.4,163090.4,Leisure
2026-04-12,"Regnum The Crown",358,312,3,87.15,463.21,143131.89,Leisure
2026-04-13,"Regnum Carya",530,372,1,70.19,358.23,132903.33,Corporate
2026-04-13,"Regnum The Crown",358,299,1,83.52,455.66,135786.68,Corporate
2026-04-14,"Regnum Carya",530,380,2,71.7,371.21,140317.38,OTA
2026-04-14,"Regnum The Crown",358,325,4,90.78,459.79,147592.59,Leisure
2026-04-15,"Regnum Carya",530,413,2,77.92,371.85,152830.35,Corporate
2026-04-15,"Regnum The Crown",358,292,2,81.56,437.28,126811.2,Leisure
2026-04-16,"Regnum Carya",530,405,0,76.42,387.06,156759.3,Leisure
2026-04-16,"Regnum The Crown",358,290,4,81.01,427.98,122402.28,Corporate
2026-04-17,"Regnum Carya",530,373,2,70.38,384.34,142590.14,FIT
2026-04-17,"Regnum The Crown",358,315,2,87.99,466.99,146167.87,Corporate
2026-04-18,"Regnum Carya",530,417,3,78.68,381.05,157754.7,OTA
2026-04-18,"Regnum The Crown",358,313,1,87.43,447.07,139485.84,Corporate
2026-04-19,"Regnum Carya",530,447,3,84.34,387.38,171996.72,Corporate
2026-04-19,"Regnum The Crown",358,331,4,92.46,457.05,149455.35,FIT
2026-04-20,"Regnum Carya",530,413,1,77.92,380.86,156914.32,FIT
2026-04-20,"Regnum The Crown",358,324,2,90.5,460.88,148403.36,Corporate
2026-04-21,"Regnum Carya",530,389,2,73.4,387.11,149811.57,Group
2026-04-21,"Regnum The Crown",358,301,1,84.08,435.35,130605,FIT
2026-04-22,"Regnum Carya",530,401,4,75.66,372.26,147787.22,Leisure
2026-04-22,"Regnum The Crown",358,322,3,89.94,444.51,141798.69,Group
2026-04-23,"Regnum Carya",530,421,1,79.43,382.06,160465.2,Group
2026-04-23,"Regnum The Crown",358,287,1,80.17,433.86,124083.96,Corporate
2026-04-24,"Regnum Carya",530,423,0,79.81,388.92,164513.16,OTA
2026-04-24,"Regnum The Crown",358,304,1,84.92,442.57,134098.71,Leisure
2026-04-25,"Regnum Carya",530,455,1,85.85,376.71,171026.34,FIT
2026-04-25,"Regnum The Crown",358,311,0,86.87,462.03,143691.33,Leisure
2026-04-26,"Regnum Carya",530,444,1,83.77,389.72,172645.96,OTA
2026-04-26,"Regnum The Crown",358,323,1,90.22,474.92,152924.24,Corporate
2026-04-27,"Regnum Carya",530,435,2,82.08,371.07,160673.31,Corporate
2026-04-27,"Regnum The Crown",358,287,2,80.17,433.83,123641.55,OTA
2026-04-28,"Regnum Carya",530,437,1,82.45,394.83,172145.88,Group
2026-04-28,"Regnum The Crown",358,325,1,90.78,464.69,150559.56,FIT
2026-04-29,"Regnum Carya",530,449,2,84.72,379.31,169551.57,Corporate
2026-04-29,"Regnum The Crown",358,309,4,86.31,462.69,141120.45,Leisure
2026-04-30,"Regnum Carya",530,405,1,76.42,363.03,146664.12,Leisure
2026-04-30,"Regnum The Crown",358,299,1,83.52,436.78,130160.44,FIT
2026-05-01,"Regnum Carya",530,433,1,81.7,384.56,166129.92,Group
2026-05-01,"Regnum The Crown",358,324,2,90.5,465.3,149826.6,Corporate
2026-05-02,"Regnum Carya",530,429,1,80.94,381.46,163264.88,Corporate
2026-05-02,"Regnum The Crown",358,347,2,96.93,469.6,162012,Leisure
2026-05-03,"Regnum Carya",530,445,3,83.96,398.45,176114.9,Corporate
2026-05-03,"Regnum The Crown",358,314,3,87.71,447.44,139153.84,Leisure
2026-05-04,"Regnum Carya",530,436,1,82.26,389.95,169628.25,Leisure
2026-05-04,"Regnum The Crown",358,315,1,87.99,460.7,144659.8,OTA
2026-05-05,"Regnum Carya",530,430,2,81.13,398.67,170630.76,Corporate
2026-05-05,"Regnum The Crown",358,315,2,87.99,468.63,146681.19,FIT
2026-05-06,"Regnum Carya",530,441,1,83.21,385.63,169677.2,FIT
2026-05-06,"Regnum The Crown",358,300,1,83.8,440.55,131724.45,OTA
2026-05-07,"Regnum Carya",530,429,2,80.94,375.24,160227.48,Leisure
2026-05-07,"Regnum The Crown",358,295,1,82.4,440.17,129409.98,Corporate
2026-05-08,"Regnum Carya",530,439,4,82.83,392.29,170646.15,OTA
2026-05-08,"Regnum The Crown",358,319,1,89.11,463.92,147526.56,FIT
2026-05-09,"Regnum Carya",530,444,2,83.77,381.76,168737.92,FIT
2026-05-09,"Regnum The Crown",358,322,0,89.94,441.74,142240.28,Group
2026-05-10,"Regnum Carya",530,490,1,92.45,413.58,202240.62,Leisure
2026-05-10,"Regnum The Crown",358,323,3,90.22,463.8,148416,OTA
2026-05-11,"Regnum Carya",530,454,1,85.66,381.88,172991.64,Leisure
2026-05-11,"Regnum The Crown",358,320,2,89.39,468.21,148890.78,OTA
2026-05-12,"Regnum Carya",530,418,2,78.87,382.94,159303.04,Group
2026-05-12,"Regnum The Crown",358,295,0,82.4,431.2,127204,Corporate
2026-05-13,"Regnum Carya",530,467,0,88.11,378.41,176717.47,OTA
2026-05-13,"Regnum The Crown",358,316,3,88.27,451.71,141385.23,OTA
2026-05-14,"Regnum Carya",530,469,3,88.49,384.15,179013.9,Leisure
2026-05-14,"Regnum The Crown",358,309,4,86.31,467.57,142608.85,Group
2026-05-15,"Regnum Carya",530,417,3,78.68,382.47,158342.58,FIT
2026-05-15,"Regnum The Crown",358,324,3,90.5,464.16,148995.36,Corporate
2026-05-16,"Regnum Carya",530,474,3,89.43,406.29,191362.59,Corporate
2026-05-16,"Regnum The Crown",358,305,1,85.2,468.63,142463.52,OTA
2026-05-17,"Regnum Carya",530,497,1,93.77,395.48,196158.08,Leisure
2026-05-17,"Regnum The Crown",358,321,3,89.66,441.18,140295.24,FIT
2026-05-18,"Regnum Carya",530,437,0,82.45,389.42,170176.54,Corporate
2026-05-18,"Regnum The Crown",358,318,3,88.83,465.6,146664,Group
2026-05-19,"Regnum Carya",530,416,1,78.49,379.2,157368,FIT
2026-05-19,"Regnum The Crown",358,296,4,82.68,455.3,132947.6,Leisure
2026-05-20,"Regnum Carya",530,462,3,87.17,389.2,178642.8,Corporate
2026-05-20,"Regnum The Crown",358,298,2,83.24,434.43,128591.28,OTA
2026-05-21,"Regnum Carya",530,439,1,82.83,376.86,165064.68,Corporate
2026-05-21,"Regnum The Crown",358,313,1,87.43,440.27,137364.24,OTA
2026-05-22,"Regnum Carya",530,456,0,86.04,402.72,183640.32,OTA
2026-05-22,"Regnum The Crown",358,295,4,82.4,439.62,127929.42,OTA
2026-05-23,"Regnum Carya",530,484,3,91.32,381.36,183434.16,Leisure
2026-05-23,"Regnum The Crown",358,326,3,91.06,473.41,152911.43,Corporate
2026-05-24,"Regnum Carya",530,463,2,87.36,383.69,176881.09,Leisure
2026-05-24,"Regnum The Crown",358,343,3,95.81,470.22,159874.8,OTA
2026-05-25,"Regnum Carya",530,460,1,86.79,382.17,175416.03,FIT
2026-05-25,"Regnum The Crown",358,282,4,78.77,445.92,123965.76,Corporate
2026-05-26,"Regnum Carya",530,435,1,82.08,397.54,172532.36,Group
2026-05-26,"Regnum The Crown",358,304,1,84.92,438.84,132968.52,OTA
2026-05-27,"Regnum Carya",530,442,1,83.4,399.62,176232.42,FIT
2026-05-27,"Regnum The Crown",358,282,2,78.77,453.7,127036,FIT
2026-05-28,"Regnum Carya",530,436,2,82.26,386.61,167788.74,Leisure
2026-05-28,"Regnum The Crown",358,308,1,86.03,469.5,144136.5,Corporate
2026-05-29,"Regnum Carya",530,443,4,83.58,394.15,173031.85,Corporate
2026-05-29,"Regnum The Crown",358,296,2,82.68,450.77,132526.38,FIT
2026-05-30,"Regnum Carya",530,509,0,96.04,410.19,208786.71,Group
2026-05-30,"Regnum The Crown",358,318,3,88.83,453.61,142887.15,OTA
2026-05-31,"Regnum Carya",530,494,0,93.21,403.63,199393.22,FIT
2026-05-31,"Regnum The Crown",358,303,2,84.64,446.46,134384.46,Leisure
2026-06-01,"Regnum Carya",530,439,4,82.83,394.35,171542.25,Leisure
2026-06-01,"Regnum The Crown",358,313,0,87.43,447.04,139923.52,Group
2026-06-02,"Regnum Carya",530,471,4,88.87,402.52,187976.84,OTA
2026-06-02,"Regnum The Crown",358,308,4,86.03,469.76,142807.04,OTA
2026-06-03,"Regnum Carya",530,439,3,82.83,389.48,169813.28,Leisure
2026-06-03,"Regnum The Crown",358,281,3,78.49,442.44,122998.32,FIT
2026-06-04,"Regnum Carya",530,436,1,82.26,379.11,164912.85,Corporate
2026-06-04,"Regnum The Crown",358,307,3,85.75,440.65,133957.6,FIT
2026-06-05,"Regnum Carya",530,474,3,89.43,395.75,186398.25,Leisure
2026-06-05,"Regnum The Crown",358,276,1,77.09,422.86,116286.5,Group
2026-06-06,"Regnum Carya",530,500,0,94.34,388.29,194145,FIT
2026-06-06,"Regnum The Crown",358,328,3,91.62,467.81,152038.25,OTA
2026-06-07,"Regnum Carya",530,467,2,88.11,378.98,176225.7,OTA
2026-06-07,"Regnum The Crown",358,300,4,83.8,449,132904,Corporate
2026-06-08,"Regnum Carya",530,453,3,85.47,397.22,178749,Leisure
2026-06-08,"Regnum The Crown",358,269,3,75.14,448.48,119295.68,Corporate
2026-06-09,"Regnum Carya",530,450,1,84.91,394.53,177143.97,OTA
2026-06-09,"Regnum The Crown",358,279,4,77.93,428.02,117705.5,OTA
2026-06-10,"Regnum Carya",530,462,3,87.17,381.05,174901.95,Leisure
2026-06-10,"Regnum The Crown",358,275,2,76.82,441.01,120395.73,Group
2026-06-11,"Regnum Carya",530,457,3,86.23,398.23,180796.42,Leisure
2026-06-11,"Regnum The Crown",358,283,0,79.05,449.13,127103.79,Corporate
2026-06-12,"Regnum Carya",530,446,1,84.15,388.88,173051.6,Corporate
2026-06-12,"Regnum The Crown",358,284,1,79.33,459.96,130168.68,OTA
2026-06-13,"Regnum Carya",530,507,1,95.66,394.15,199439.9,FIT
2026-06-13,"Regnum The Crown",358,312,4,87.15,472.76,145610.08,OTA
2026-06-14,"Regnum Carya",530,484,3,91.32,384.05,184728.05,Leisure
2026-06-14,"Regnum The Crown",358,294,0,82.12,444.4,130653.6,FIT
2026-06-15,"Regnum Carya",530,438,3,82.64,388.08,168814.8,FIT
2026-06-15,"Regnum The Crown",358,259,2,72.35,449.66,115562.62,FIT
2026-06-16,"Regnum Carya",530,449,1,84.72,401.27,179768.96,FIT
2026-06-16,"Regnum The Crown",358,291,2,81.28,432.61,125024.29,OTA
2026-06-17,"Regnum Carya",530,467,1,88.11,391.15,182275.9,OTA
2026-06-17,"Regnum The Crown",358,293,0,81.84,444.69,130294.17,Leisure
2026-06-18,"Regnum Carya",530,475,3,89.62,402.73,190088.56,Group
2026-06-18,"Regnum The Crown",358,265,2,74.02,419.85,110420.55,FIT
2026-06-19,"Regnum Carya",530,445,0,83.96,390.96,173977.2,Group
2026-06-19,"Regnum The Crown",358,270,1,75.42,445.51,119842.19,FIT
2026-06-20,"Regnum Carya",530,501,2,94.53,411.73,205453.27,Corporate
2026-06-20,"Regnum The Crown",358,285,1,79.61,453.28,128731.52,Corporate
2026-06-21,"Regnum Carya",530,511,3,96.42,411.43,209006.44,FIT
2026-06-21,"Regnum The Crown",358,304,4,84.92,461.12,138336,FIT
2026-06-22,"Regnum Carya",530,478,2,90.19,401.33,191033.08,FIT
2026-06-22,"Regnum The Crown",358,256,1,71.51,420.32,107181.6,FIT
2026-06-23,"Regnum Carya",530,483,4,91.13,386.35,185061.65,FIT
2026-06-23,"Regnum The Crown",358,266,1,74.3,441.84,117087.6,Leisure
2026-06-24,"Regnum Carya",530,425,4,80.19,395.89,166669.69,OTA
2026-06-24,"Regnum The Crown",358,254,2,70.95,426.3,107427.6,Corporate
2026-06-25,"Regnum Carya",530,443,3,83.58,395.2,173888,Leisure
2026-06-25,"Regnum The Crown",358,269,3,75.14,444.79,118314.14,OTA
2026-06-26,"Regnum Carya",530,444,2,83.77,376.33,166337.86,Group
2026-06-26,"Regnum The Crown",358,283,0,79.05,441.12,124836.96,FIT
2026-06-27,"Regnum Carya",530,471,4,88.87,401.14,187332.38,OTA
2026-06-27,"Regnum The Crown",358,274,1,76.54,423.5,115615.5,Leisure
2026-06-28,"Regnum Carya",530,491,3,92.64,401.81,196083.28,Group
2026-06-28,"Regnum The Crown",358,287,3,80.17,437.9,124363.6,Group
2026-06-29,"Regnum Carya",530,418,3,78.87,377.24,156554.6,Leisure
2026-06-29,"Regnum The Crown",358,276,3,77.09,440.96,120382.08,FIT
2026-06-30,"Regnum Carya",530,455,3,85.85,377.94,170828.88,Leisure
2026-06-30,"Regnum The Crown",358,248,4,69.27,428.4,104529.6,Leisure
2026-07-01,"Regnum Carya",530,457,1,86.23,374.74,170881.44,OTA
2026-07-01,"Regnum The Crown",358,252,3,70.39,430.86,107284.14,OTA
2026-07-02,"Regnum Carya",530,436,1,82.26,396.83,172621.05,FIT
2026-07-02,"Regnum The Crown",358,248,2,69.27,444.15,109260.9,OTA
2026-07-03,"Regnum Carya",530,474,2,89.43,398.27,187983.44,Corporate
2026-07-03,"Regnum The Crown",358,258,1,72.07,443.13,113884.41,Leisure
2026-07-04,"Regnum Carya",530,474,3,89.43,386.27,181933.17,Group
2026-07-04,"Regnum The Crown",358,282,3,78.77,457.19,127556.01,Leisure
2026-07-05,"Regnum Carya",530,463,2,87.36,403.54,186031.94,FIT
2026-07-05,"Regnum The Crown",358,277,3,77.37,431.03,118102.22,FIT
2026-07-06,"Regnum Carya",530,446,4,84.15,388.76,171831.92,FIT
2026-07-06,"Regnum The Crown",358,233,2,65.08,426.07,98422.17,Leisure
2026-07-07,"Regnum Carya",530,427,2,80.57,390.65,166026.25,OTA
2026-07-07,"Regnum The Crown",358,267,2,74.58,442.49,117259.85,OTA
2026-07-08,"Regnum Carya",530,433,3,81.7,396.76,170606.8,Group
2026-07-08,"Regnum The Crown",358,249,2,69.55,419.45,103604.15,Leisure
2026-07-09,"Regnum Carya",530,453,1,85.47,388.04,175394.08,Leisure
2026-07-09,"Regnum The Crown",358,226,2,63.13,427.57,95775.68,FIT
2026-07-10,"Regnum Carya",530,426,2,80.38,368.83,156383.92,OTA
2026-07-10,"Regnum The Crown",358,242,3,67.6,427.78,102239.42,FIT
2026-07-11,"Regnum Carya",530,450,2,84.91,380.01,170244.48,OTA
2026-07-11,"Regnum The Crown",358,262,2,73.18,441.18,114706.8,FIT
2026-07-12,"Regnum Carya",530,465,3,87.74,381.14,176086.68,OTA
2026-07-12,"Regnum The Crown",358,245,1,68.44,441.27,107669.88,FIT
2026-07-13,"Regnum Carya",530,426,3,80.38,369.5,156298.5,FIT
2026-07-13,"Regnum The Crown",358,226,2,63.13,406.86,91136.64,Corporate
2026-07-14,"Regnum Carya",530,413,4,77.92,381.91,156201.19,OTA
2026-07-14,"Regnum The Crown",358,250,0,69.83,444.88,111220,Leisure
2026-07-15,"Regnum Carya",530,404,2,76.23,383.12,154014.24,FIT
2026-07-15,"Regnum The Crown",358,216,2,60.34,427.99,91589.86,Corporate
2026-07-16,"Regnum Carya",530,417,1,78.68,388.6,161657.6,Leisure
2026-07-16,"Regnum The Crown",358,227,3,63.41,417.1,93430.4,Leisure
2026-07-17,"Regnum Carya",530,451,2,85.09,379.88,170566.12,Group
2026-07-17,"Regnum The Crown",358,247,1,68.99,440.24,108299.04,OTA
2026-07-18,"Regnum Carya",530,450,0,84.91,373.06,167877,OTA
2026-07-18,"Regnum The Crown",358,241,2,67.32,409.03,97758.17,FIT
2026-07-19,"Regnum Carya",530,438,0,82.64,371.07,162528.66,Corporate
2026-07-19,"Regnum The Crown",358,267,1,74.58,444.14,118141.24,Leisure
2026-07-20,"Regnum Carya",530,397,3,74.91,367.72,144881.68,Group
2026-07-20,"Regnum The Crown",358,210,2,58.66,401.11,83430.88,OTA
2026-07-21,"Regnum Carya",530,443,0,83.58,390.12,172823.16,Corporate
2026-07-21,"Regnum The Crown",358,209,1,58.38,424,88192,OTA
2026-07-22,"Regnum Carya",530,424,1,80,394.5,166873.5,FIT
2026-07-22,"Regnum The Crown",358,239,2,66.76,435.99,103329.63,Group
2026-07-23,"Regnum Carya",530,390,3,73.58,367.88,142369.56,Leisure
2026-07-23,"Regnum The Crown",358,223,2,62.29,404.88,89478.48,Group
2026-07-24,"Regnum Carya",530,424,1,80,389.23,164644.29,Leisure
2026-07-24,"Regnum The Crown",358,204,3,56.98,407.38,81883.38,OTA
2026-07-25,"Regnum Carya",530,418,0,78.87,370.29,154781.22,Group
2026-07-25,"Regnum The Crown",358,238,2,66.48,426.04,100545.44,FIT
2026-07-26,"Regnum Carya",530,420,4,79.25,382.86,159269.76,Leisure
2026-07-26,"Regnum The Crown",358,237,3,66.2,423.33,99059.22,Leisure
2026-07-27,"Regnum Carya",530,390,3,73.58,381.75,147737.25,FIT
2026-07-27,"Regnum The Crown",358,229,2,63.97,417.8,94840.6,OTA
2026-07-28,"Regnum Carya",530,393,1,74.15,363.6,142531.2,OTA
2026-07-28,"Regnum The Crown",358,228,3,63.69,421.99,94947.75,Group
2026-07-29,"Regnum Carya",530,395,3,74.53,389.99,152876.08,FIT
2026-07-29,"Regnum The Crown",358,217,2,60.61,424.68,91306.2,Corporate
2026-07-30,"Regnum Carya",530,431,2,81.32,397.5,170527.5,FIT
2026-07-30,"Regnum The Crown",358,220,4,61.45,400.28,86460.48,OTA
2026-07-31,"Regnum Carya",530,380,2,71.7,383.37,144913.86,OTA
2026-07-31,"Regnum The Crown",358,230,3,64.25,419.84,95303.68,Corporate
2026-08-01,"Regnum Carya",530,459,4,86.6,375.97,171066.35,Group
2026-08-01,"Regnum The Crown",358,233,4,65.08,432.42,99024.18,Group
2026-08-02,"Regnum Carya",530,431,0,81.32,382.18,164719.58,Leisure
2026-08-02,"Regnum The Crown",358,237,0,66.2,435.21,103144.77,Group
2026-08-03,"Regnum Carya",530,391,1,73.77,382.06,149003.4,FIT
2026-08-03,"Regnum The Crown",358,189,3,52.79,399.36,74280.96,Group
2026-08-04,"Regnum Carya",530,404,4,76.23,373.82,149528,OTA
2026-08-04,"Regnum The Crown",358,203,0,56.7,411.59,83552.77,FIT
2026-08-05,"Regnum Carya",530,369,4,69.62,374.8,136802,Group
2026-08-05,"Regnum The Crown",358,206,1,57.54,405.86,83201.3,OTA
2026-08-06,"Regnum Carya",530,397,1,74.91,361.48,143146.08,Group
2026-08-06,"Regnum The Crown",358,187,2,52.23,402.55,74471.75,OTA
2026-08-07,"Regnum Carya",530,401,2,75.66,373.29,148942.71,Group
2026-08-07,"Regnum The Crown",358,180,1,50.28,399.52,71514.08,OTA
2026-08-08,"Regnum Carya",530,414,4,78.11,367.59,150711.9,Corporate
2026-08-08,"Regnum The Crown",358,208,0,58.1,408.6,84988.8,Corporate
2026-08-09,"Regnum Carya",530,446,2,84.15,376.97,167374.68,Leisure
2026-08-09,"Regnum The Crown",358,231,3,64.53,416.93,95060.04,Leisure
2026-08-10,"Regnum Carya",530,391,4,73.77,373.78,144652.86,Corporate
2026-08-10,"Regnum The Crown",358,209,4,58.38,426.19,87368.95,FIT
2026-08-11,"Regnum Carya",530,372,3,70.19,382.27,141057.63,OTA
2026-08-11,"Regnum The Crown",358,198,1,55.31,400.32,78863.04,Group
2026-08-12,"Regnum Carya",530,369,1,69.62,357.59,131593.12,Leisure
2026-08-12,"Regnum The Crown",358,186,1,51.96,393.31,72762.35,OTA
2026-08-13,"Regnum Carya",530,352,4,66.42,352.37,122624.76,OTA
2026-08-13,"Regnum The Crown",358,172,3,48.04,411.44,69533.36,OTA
2026-08-14,"Regnum Carya",530,391,3,73.77,381.26,147928.88,FIT
2026-08-14,"Regnum The Crown",358,198,1,55.31,418.2,82385.4,FIT
2026-08-15,"Regnum Carya",530,413,2,77.92,369.84,152004.24,FIT
2026-08-15,"Regnum The Crown",358,223,3,62.29,419.77,92349.4,Group
2026-08-16,"Regnum Carya",530,391,3,73.77,381.06,147851.28,Leisure
2026-08-16,"Regnum The Crown",358,204,4,56.98,413.22,82644,Leisure
2026-08-17,"Regnum Carya",530,389,3,73.4,384.57,148444.02,Corporate
2026-08-17,"Regnum The Crown",358,164,0,45.81,384.38,63038.32,OTA
2026-08-18,"Regnum Carya",530,345,2,65.09,375.37,128751.91,Leisure
2026-08-18,"Regnum The Crown",358,172,3,48.04,390.54,66001.26,OTA
2026-08-19,"Regnum Carya",530,353,4,66.6,368.64,128655.36,OTA
2026-08-19,"Regnum The Crown",358,182,0,50.84,388.16,70645.12,Group
2026-08-20,"Regnum Carya",530,352,2,66.42,362.4,126840,Leisure
2026-08-20,"Regnum The Crown",358,168,4,46.93,399.83,65572.12,Group
2026-08-21,"Regnum Carya",530,386,3,72.83,376.67,144264.61,Leisure
2026-08-21,"Regnum The Crown",358,164,2,45.81,381.34,61777.08,FIT
2026-08-22,"Regnum Carya",530,368,2,69.43,365.2,133663.2,Corporate
2026-08-22,"Regnum The Crown",358,185,1,51.68,415.9,76525.6,Corporate
2026-08-23,"Regnum Carya",530,405,3,76.42,377.09,151590.18,Group
2026-08-23,"Regnum The Crown",358,187,3,52.23,409.33,75316.72,Group
2026-08-24,"Regnum Carya",530,352,4,66.42,375.97,130837.56,Group
2026-08-24,"Regnum The Crown",358,149,2,41.62,400.53,58877.91,OTA
2026-08-25,"Regnum Carya",530,370,3,69.81,358.82,131686.94,Corporate
2026-08-25,"Regnum The Crown",358,184,3,51.4,406.88,73645.28,Leisure
2026-08-26,"Regnum Carya",530,322,2,60.75,362.26,115923.2,OTA
2026-08-26,"Regnum The Crown",358,175,3,48.88,405.07,69672.04,Corporate
2026-08-27,"Regnum Carya",530,374,0,70.57,374.75,140156.5,Group
2026-08-27,"Regnum The Crown",358,174,2,48.6,381.93,65691.96,Corporate
2026-08-28,"Regnum Carya",530,369,1,69.62,354.62,130500.16,Group
2026-08-28,"Regnum The Crown",358,147,2,41.06,384.29,55722.05,Group
2026-08-29,"Regnum Carya",530,371,2,70,383.03,141338.07,OTA
2026-08-29,"Regnum The Crown",358,166,0,46.37,402.26,66775.16,FIT
2026-08-30,"Regnum Carya",530,364,1,68.68,368.07,133609.41,FIT
2026-08-30,"Regnum The Crown",358,161,0,44.97,380.97,61336.17,OTA
2026-08-31,"Regnum Carya",530,326,3,61.51,365.7,118121.1,Group
2026-08-31,"Regnum The Crown",358,176,1,49.16,404.85,70848.75,FIT
2026-09-01,"Regnum Carya",530,355,2,66.98,377.26,133172.78,FIT
2026-09-01,"Regnum The Crown",358,154,3,43.02,392.56,59276.56,Group
2026-09-02,"Regnum Carya",530,330,2,62.26,352.52,115626.56,Leisure
2026-09-02,"Regnum The Crown",358,173,2,48.32,390.15,66715.65,Group
2026-09-03,"Regnum Carya",530,335,1,63.21,371.43,124057.62,FIT
2026-09-03,"Regnum The Crown",358,173,0,48.32,385.66,66719.18,Corporate
2026-09-04,"Regnum Carya",530,300,4,56.6,340.21,100702.16,Leisure
2026-09-04,"Regnum The Crown",358,136,2,37.99,377.26,50552.84,OTA
2026-09-05,"Regnum Carya",530,359,2,67.74,377.18,134653.26,Group
2026-09-05,"Regnum The Crown",358,154,1,43.02,385,58905,Leisure
2026-09-06,"Regnum Carya",530,319,1,60.19,369.99,117656.82,OTA
2026-09-06,"Regnum The Crown",358,153,2,42.74,375.14,56646.14,Corporate
2026-09-07,"Regnum Carya",530,306,2,57.74,364.75,110884,Group
2026-09-07,"Regnum The Crown",358,150,1,41.9,374.26,55764.74,OTA
2026-09-08,"Regnum Carya",530,337,2,63.58,365.84,122556.4,Group
2026-09-08,"Regnum The Crown",358,135,4,37.71,383.27,50208.37,FIT
2026-09-09,"Regnum Carya",530,313,0,59.06,351.94,110157.22,OTA
2026-09-09,"Regnum The Crown",358,148,3,41.34,372.33,53987.85,FIT
2026-09-10,"Regnum Carya",530,320,1,60.38,362.48,115631.12,Corporate
2026-09-10,"Regnum The Crown",358,132,3,36.87,391.8,50542.2,Leisure
2026-09-11,"Regnum Carya",530,287,1,54.15,361.23,103311.78,OTA
2026-09-11,"Regnum The Crown",358,130,2,36.31,387.67,49621.76,OTA
2026-09-12,"Regnum Carya",530,360,2,67.92,358.24,128249.92,OTA
2026-09-12,"Regnum The Crown",358,145,1,40.5,394.82,56854.08,Leisure
2026-09-13,"Regnum Carya",530,308,1,58.11,345.02,105921.14,Corporate
2026-09-13,"Regnum The Crown",358,168,3,46.93,393.89,64991.85,OTA
2026-09-14,"Regnum Carya",530,320,1,60.38,364.52,116281.88,Group
2026-09-14,"Regnum The Crown",358,150,0,41.9,387.97,58195.5,FIT
2026-09-15,"Regnum Carya",530,327,3,61.7,360.37,116759.88,Group
2026-09-15,"Regnum The Crown",358,143,1,39.94,386.66,54905.72,FIT
2026-09-16,"Regnum Carya",530,262,0,49.43,333.26,87314.12,Leisure
2026-09-16,"Regnum The Crown",358,126,2,35.2,379.17,47017.08,Corporate
2026-09-17,"Regnum Carya",530,316,4,59.62,346.31,108048.72,Corporate
2026-09-17,"Regnum The Crown",358,136,0,37.99,393.14,53467.04,OTA
2026-09-18,"Regnum Carya",530,280,1,52.83,338.76,94514.04,Corporate
2026-09-18,"Regnum The Crown",358,114,4,31.84,374.93,41242.3,FIT
2026-09-19,"Regnum Carya",530,319,1,60.19,357.26,113608.68,OTA
2026-09-19,"Regnum The Crown",358,170,3,47.49,385.13,64316.71,Corporate
2026-09-20,"Regnum Carya",530,324,1,61.13,360.99,116599.77,Leisure
2026-09-20,"Regnum The Crown",358,141,1,39.39,375.25,52535,Group
2026-09-21,"Regnum Carya",530,280,1,52.83,345.57,96414.03,FIT
2026-09-21,"Regnum The Crown",358,134,1,37.43,366.41,48732.53,Leisure
2026-09-22,"Regnum Carya",530,291,2,54.91,356.17,102933.13,FIT
2026-09-22,"Regnum The Crown",358,111,3,31.01,379.78,41016.24,FIT
2026-09-23,"Regnum Carya",530,289,4,54.53,357.37,101850.45,Leisure
2026-09-23,"Regnum The Crown",358,119,0,33.24,382.16,45477.04,FIT
2026-09-24,"Regnum Carya",530,292,3,55.09,347.24,100352.36,Leisure
2026-09-24,"Regnum The Crown",358,115,4,32.12,363.23,40318.53,FIT
2026-09-25,"Regnum Carya",530,278,1,52.45,341.88,94700.76,OTA
2026-09-25,"Regnum The Crown",358,132,2,36.87,366.92,47699.6,Corporate
2026-09-26,"Regnum Carya",530,325,3,61.32,365.76,117774.72,FIT
2026-09-26,"Regnum The Crown",358,163,2,45.53,398.61,64176.21,OTA
2026-09-27,"Regnum Carya",530,300,1,56.6,352.77,105478.23,Corporate
2026-09-27,"Regnum The Crown",358,150,0,41.9,371.79,55768.5,Group
2026-09-28,"Regnum Carya",530,232,1,43.77,323.96,74834.76,Group
2026-09-28,"Regnum The Crown",358,116,3,32.4,380.73,43022.49,FIT
2026-09-29,"Regnum Carya",530,230,3,43.4,331.04,75146.08,Leisure
2026-09-29,"Regnum The Crown",358,136,2,37.99,385.17,51612.78,Leisure
2026-09-30,"Regnum Carya",530,260,2,49.06,341.32,88060.56,Corporate
2026-09-30,"Regnum The Crown",358,106,0,29.61,379.15,40189.9,FIT
2026-10-01,"Regnum Carya",530,229,0,43.21,324.24,74250.96,Corporate
2026-10-01,"Regnum The Crown",358,135,0,37.71,395.55,53399.25,Group
2026-10-02,"Regnum Carya",530,251,1,47.36,349.41,87352.5,OTA
2026-10-02,"Regnum The Crown",358,120,2,33.52,366.16,43206.88,Group
2026-10-03,"Regnum Carya",530,288,0,54.34,341.39,98320.32,Corporate
2026-10-03,"Regnum The Crown",358,142,3,39.66,392.15,54508.85,OTA
2026-10-04,"Regnum Carya",530,300,3,56.6,356.14,105773.58,Leisure
2026-10-04,"Regnum The Crown",358,139,3,38.83,390.78,53146.08,Group
2026-10-05,"Regnum Carya",530,245,1,46.23,327.8,79983.2,Group
2026-10-05,"Regnum The Crown",358,111,2,31.01,363.46,39617.14,Group
2026-10-06,"Regnum Carya",530,266,2,50.19,348.33,91959.12,Group
2026-10-06,"Regnum The Crown",358,115,4,32.12,381.52,42348.72,Corporate
2026-10-07,"Regnum Carya",530,223,0,42.08,343.46,76591.58,OTA
2026-10-07,"Regnum The Crown",358,120,0,33.52,360.37,43244.4,OTA
2026-10-08,"Regnum Carya",530,238,1,44.91,346.6,82144.2,Leisure
2026-10-08,"Regnum The Crown",358,108,1,30.17,381.02,40769.14,Corporate
2026-10-09,"Regnum Carya",530,266,2,50.19,337.85,89192.4,OTA
2026-10-09,"Regnum The Crown",358,128,2,35.75,387.99,48886.74,OTA
2026-10-10,"Regnum Carya",530,266,2,50.19,334.69,88358.16,Group
2026-10-10,"Regnum The Crown",358,149,3,41.62,392.17,57256.82,OTA
2026-10-11,"Regnum Carya",530,292,3,55.09,348.45,100702.05,OTA
2026-10-11,"Regnum The Crown",358,116,4,32.4,369.54,41388.48,Corporate
2026-10-12,"Regnum Carya",530,256,2,48.3,336.84,85557.36,Corporate
2026-10-12,"Regnum The Crown",358,130,1,36.31,382.81,49382.49,Leisure
2026-10-13,"Regnum Carya",530,247,3,46.6,343.13,83723.72,Corporate
2026-10-13,"Regnum The Crown",358,101,0,28.21,357.13,36070.13,OTA
2026-10-14,"Regnum Carya",530,211,4,39.81,335.72,69494.04,Group
2026-10-14,"Regnum The Crown",358,132,3,36.87,393.89,50811.81,OTA
2026-10-15,"Regnum Carya",530,245,2,46.23,331.69,80600.67,Corporate
2026-10-15,"Regnum The Crown",358,107,3,29.89,362.32,37681.28,Group
2026-10-16,"Regnum Carya",530,252,3,47.55,327.7,81597.3,Corporate
2026-10-16,"Regnum The Crown",358,101,3,28.21,362.47,35522.06,FIT
2026-10-17,"Regnum Carya",530,244,3,46.04,334.86,80701.26,FIT
2026-10-17,"Regnum The Crown",358,153,2,42.74,378.55,57161.05,Corporate
2026-10-18,"Regnum Carya",530,257,2,48.49,336.56,85822.8,FIT
2026-10-18,"Regnum The Crown",358,116,1,32.4,381.56,43879.4,Corporate
2026-10-19,"Regnum Carya",530,189,0,35.66,333.19,62972.91,Leisure
2026-10-19,"Regnum The Crown",358,102,0,28.49,369.58,37697.16,Leisure
2026-10-20,"Regnum Carya",530,196,3,36.98,329.05,63506.65,OTA
2026-10-20,"Regnum The Crown",358,102,3,28.49,363.73,36009.27,FIT
2026-10-21,"Regnum Carya",530,192,2,36.23,334.17,63492.3,FIT
2026-10-21,"Regnum The Crown",358,118,1,32.96,365.77,42795.09,FIT
2026-10-22,"Regnum Carya",530,217,3,40.94,338.39,72415.46,Corporate
2026-10-22,"Regnum The Crown",358,104,4,29.05,358.25,35825,Group
2026-10-23,"Regnum Carya",530,234,3,44.15,346.81,80113.11,FIT
2026-10-23,"Regnum The Crown",358,127,0,35.47,382.62,48592.74,Leisure
2026-10-24,"Regnum Carya",530,251,0,47.36,336.24,84396.24,OTA
2026-10-24,"Regnum The Crown",358,144,0,40.22,399.09,57468.96,Corporate
2026-10-25,"Regnum Carya",530,250,3,47.17,343.2,84770.4,Leisure
2026-10-25,"Regnum The Crown",358,125,3,34.92,365.99,44650.78,Group
2026-10-26,"Regnum Carya",530,225,2,42.45,332.56,74160.88,Group
2026-10-26,"Regnum The Crown",358,113,1,31.56,360.01,40321.12,FIT
2026-10-27,"Regnum Carya",530,211,3,39.81,328.73,68375.84,Group
2026-10-27,"Regnum The Crown",358,113,0,31.56,366.28,41389.64,Group
2026-10-28,"Regnum Carya",530,173,3,32.64,318.26,54104.2,OTA
2026-10-28,"Regnum The Crown",358,100,0,27.93,361.28,36128,Group
2026-10-29,"Regnum Carya",530,205,2,38.68,329.77,66943.31,FIT
2026-10-29,"Regnum The Crown",358,103,2,28.77,357.91,36148.91,FIT
2026-10-30,"Regnum Carya",530,198,2,37.36,329.61,64603.56,OTA
2026-10-30,"Regnum The Crown",358,110,2,30.73,371.46,40117.68,FIT
2026-10-31,"Regnum Carya",530,239,1,45.09,339.38,80772.44,Leisure
2026-10-31,"Regnum The Crown",358,115,2,32.12,380.27,42970.51,Group
2026-11-01,"Regnum Carya",530,231,0,43.58,333.75,77096.25,OTA
2026-11-01,"Regnum The Crown",358,115,3,32.12,377.07,42231.84,Leisure
2026-11-02,"Regnum Carya",530,194,2,36.6,328.15,63004.8,Leisure
2026-11-02,"Regnum The Crown",358,101,1,28.21,353.58,35358,OTA
2026-11-03,"Regnum Carya",530,184,2,34.72,311.66,56722.12,Leisure
2026-11-03,"Regnum The Crown",358,117,3,32.68,369.69,42144.66,Group
2026-11-04,"Regnum Carya",530,191,0,36.04,329.81,62993.71,Leisure
2026-11-04,"Regnum The Crown",358,112,2,31.28,378.04,41584.4,Leisure
2026-11-05,"Regnum Carya",530,158,1,29.81,329.84,51784.88,Corporate
2026-11-05,"Regnum The Crown",358,113,4,31.56,358.27,39051.43,Corporate
2026-11-06,"Regnum Carya",530,172,3,32.45,331.87,56086.03,Leisure
2026-11-06,"Regnum The Crown",358,100,3,27.93,380.05,36864.85,OTA
2026-11-07,"Regnum Carya",530,239,3,45.09,332.25,78411,FIT
2026-11-07,"Regnum The Crown",358,131,0,36.59,377.82,49494.42,FIT
2026-11-08,"Regnum Carya",530,230,3,43.4,328.03,74462.81,Group
2026-11-08,"Regnum The Crown",358,123,2,34.36,371.3,44927.3,Group
2026-11-09,"Regnum Carya",530,202,2,38.11,319.79,63958,FIT
2026-11-09,"Regnum The Crown",358,116,3,32.4,376.36,42528.68,Corporate
2026-11-10,"Regnum Carya",530,192,1,36.23,312.97,59777.27,Corporate
2026-11-10,"Regnum The Crown",358,102,4,28.49,368.43,36106.14,FIT
2026-11-11,"Regnum Carya",530,198,3,37.36,333.11,64956.45,FIT
2026-11-11,"Regnum The Crown",358,100,2,27.93,369.3,36191.4,Corporate
2026-11-12,"Regnum Carya",530,205,1,38.68,317.4,64749.6,Leisure
2026-11-12,"Regnum The Crown",358,100,2,27.93,358.44,35127.12,OTA
2026-11-13,"Regnum Carya",530,202,0,38.11,338.32,68340.64,OTA
2026-11-13,"Regnum The Crown",358,100,3,27.93,362.61,35173.17,Corporate
2026-11-14,"Regnum Carya",530,218,0,41.13,329.82,71900.76,Corporate
2026-11-14,"Regnum The Crown",358,125,4,34.92,387.59,46898.39,Corporate
2026-11-15,"Regnum Carya",530,221,3,41.7,325.43,70943.74,Leisure
2026-11-15,"Regnum The Crown",358,138,4,38.55,383.99,51454.66,Group
2026-11-16,"Regnum Carya",530,193,0,36.42,315.35,60862.55,Leisure
2026-11-16,"Regnum The Crown",358,130,2,36.31,377.32,48296.96,OTA
2026-11-17,"Regnum Carya",530,192,1,36.23,330.51,63127.41,OTA
2026-11-17,"Regnum The Crown",358,130,2,36.31,373.33,47786.24,Corporate
2026-11-18,"Regnum Carya",530,154,3,29.06,328.12,49546.12,OTA
2026-11-18,"Regnum The Crown",358,100,1,27.93,364.83,36118.17,Group
2026-11-19,"Regnum Carya",530,186,4,35.09,323.77,58926.14,OTA
2026-11-19,"Regnum The Crown",358,126,1,35.2,364.05,45506.25,Leisure
2026-11-20,"Regnum Carya",530,149,1,28.11,314.95,46612.6,OTA
2026-11-20,"Regnum The Crown",358,101,4,28.21,367.1,35608.7,Corporate
2026-11-21,"Regnum Carya",530,212,2,40,339.62,71320.2,Corporate
2026-11-21,"Regnum The Crown",358,130,0,36.31,374.82,48726.6,OTA
2026-11-22,"Regnum Carya",530,197,3,37.17,330.79,64173.26,FIT
2026-11-22,"Regnum The Crown",358,123,3,34.36,370.06,44407.2,Group
2026-11-23,"Regnum Carya",530,168,3,31.7,329.21,54319.65,OTA
2026-11-23,"Regnum The Crown",358,112,1,31.28,378.55,42019.05,Leisure
2026-11-24,"Regnum Carya",530,192,4,36.23,328.69,61793.72,FIT
2026-11-24,"Regnum The Crown",358,123,3,34.36,372.23,44667.6,Corporate
2026-11-25,"Regnum Carya",530,149,3,28.11,310.78,45373.88,Corporate
2026-11-25,"Regnum The Crown",358,132,4,36.87,377.91,48372.48,Corporate
2026-11-26,"Regnum Carya",530,166,4,31.32,324.31,52538.22,OTA
2026-11-26,"Regnum The Crown",358,136,1,37.99,393.15,53075.25,Corporate
2026-11-27,"Regnum Carya",530,149,1,28.11,314.41,46532.68,OTA
2026-11-27,"Regnum The Crown",358,137,3,38.27,374.3,50156.2,Leisure
2026-11-28,"Regnum Carya",530,223,3,42.08,320.94,70606.8,Corporate
2026-11-28,"Regnum The Crown",358,132,0,36.87,378.89,50013.48,FIT
2026-11-29,"Regnum Carya",530,210,3,39.62,338.66,70102.62,Corporate
2026-11-29,"Regnum The Crown",358,145,2,40.5,381.13,54501.59,OTA
2026-11-30,"Regnum Carya",530,171,1,32.26,321.11,54588.7,Corporate
2026-11-30,"Regnum The Crown",358,116,1,32.4,360.15,41417.25,Corporate
2026-12-01,"Regnum Carya",530,182,4,34.34,311.9,55518.2,Leisure
2026-12-01,"Regnum The Crown",358,131,0,36.59,368.66,48294.46,FIT
2026-12-02,"Regnum Carya",530,149,2,28.11,315.75,46415.25,OTA
2026-12-02,"Regnum The Crown",358,122,4,34.08,380.83,44937.94,Corporate
2026-12-03,"Regnum Carya",530,148,2,27.92,320.73,46826.58,OTA
2026-12-03,"Regnum The Crown",358,126,2,35.2,390.87,48467.88,Group
2026-12-04,"Regnum Carya",530,148,2,27.92,321.14,46886.44,Group
2026-12-04,"Regnum The Crown",358,139,0,38.83,373.72,51947.08,Corporate
2026-12-05,"Regnum Carya",530,197,0,37.17,317.15,62478.55,FIT
2026-12-05,"Regnum The Crown",358,165,2,46.09,408.22,66539.86,Group
2026-12-06,"Regnum Carya",530,168,3,31.7,307.86,50796.9,OTA
2026-12-06,"Regnum The Crown",358,167,0,46.65,387.99,64794.33,Group
2026-12-07,"Regnum Carya",530,165,2,31.13,309.08,50380.04,Corporate
2026-12-07,"Regnum The Crown",358,132,3,36.87,393.49,50760.21,Corporate
2026-12-08,"Regnum Carya",530,153,1,28.87,308.37,46872.24,FIT
2026-12-08,"Regnum The Crown",358,145,3,40.5,373.07,52975.94,Corporate
2026-12-09,"Regnum Carya",530,160,1,30.19,327.01,51994.59,OTA
2026-12-09,"Regnum The Crown",358,133,3,37.15,369.92,48089.6,OTA
2026-12-10,"Regnum Carya",530,163,3,30.75,325.18,52028.8,OTA
2026-12-10,"Regnum The Crown",358,137,3,38.27,370.72,49676.48,Corporate
2026-12-11,"Regnum Carya",530,152,1,28.68,322.41,48683.91,Corporate
2026-12-11,"Regnum The Crown",358,128,1,35.75,364.75,46323.25,OTA
2026-12-12,"Regnum Carya",530,217,0,40.94,341.94,74200.98,Group
2026-12-12,"Regnum The Crown",358,152,1,42.46,373.51,56400.01,FIT
2026-12-13,"Regnum Carya",530,170,2,32.08,311.25,52290,FIT
2026-12-13,"Regnum The Crown",358,156,3,43.58,379.86,58118.58,Corporate
2026-12-14,"Regnum Carya",530,182,3,34.34,312.41,55921.39,Leisure
2026-12-14,"Regnum The Crown",358,156,2,43.58,386.9,59582.6,Leisure
2026-12-15,"Regnum Carya",530,148,0,27.92,306.73,45396.04,FIT
2026-12-15,"Regnum The Crown",358,135,3,37.71,394.16,52029.12,Group
2026-12-16,"Regnum Carya",530,148,2,27.92,304,44384,Group
2026-12-16,"Regnum The Crown",358,151,4,42.18,392.88,57753.36,FIT
2026-12-17,"Regnum Carya",530,172,2,32.45,322.82,54879.4,Leisure
2026-12-17,"Regnum The Crown",358,133,3,37.15,377.29,49047.7,FIT
2026-12-18,"Regnum Carya",530,153,1,28.87,317.84,48311.68,FIT
2026-12-18,"Regnum The Crown",358,145,3,40.5,394.48,56016.16,OTA
2026-12-19,"Regnum Carya",530,205,1,38.68,329.9,67299.6,FIT
2026-12-19,"Regnum The Crown",358,145,4,40.5,375.56,52953.96,Leisure
2026-12-20,"Regnum Carya",530,218,1,41.13,322.85,70058.45,FIT
2026-12-20,"Regnum The Crown",358,167,2,46.65,384.59,63457.35,Corporate
2026-12-21,"Regnum Carya",530,179,2,33.77,321.39,56886.03,Group
2026-12-21,"Regnum The Crown",358,149,2,41.62,376.97,55414.59,Leisure
2026-12-22,"Regnum Carya",530,165,2,31.13,306.52,49962.76,Group
2026-12-22,"Regnum The Crown",358,147,4,41.06,384.83,55030.69,Corporate
2026-12-23,"Regnum Carya",530,148,1,27.92,321.79,47303.13,Leisure
2026-12-23,"Regnum The Crown",358,143,2,39.94,380.84,53698.44,Group
2026-12-24,"Regnum Carya",530,178,2,33.58,329.67,58021.92,FIT
2026-12-24,"Regnum The Crown",358,152,3,42.46,379.62,56563.38,Corporate
2026-12-25,"Regnum Carya",530,178,1,33.58,329.35,58294.95,Corporate
2026-12-25,"Regnum The Crown",358,154,1,43.02,397.66,60841.98,FIT
2026-12-26,"Regnum Carya",530,217,4,40.94,329.11,70100.43,Corporate
2026-12-26,"Regnum The Crown",358,156,0,43.58,404.13,63044.28,Corporate
2026-12-27,"Regnum Carya",530,206,2,38.87,327.87,66885.48,Corporate
2026-12-27,"Regnum The Crown",358,171,3,47.77,381.72,64128.96,Leisure
2026-12-28,"Regnum Carya",530,164,2,30.94,326.84,52948.08,Leisure
2026-12-28,"Regnum The Crown",358,140,3,39.11,392.98,53838.26,OTA
2026-12-29,"Regnum Carya",530,160,3,30.19,311.28,48870.96,Leisure
2026-12-29,"Regnum The Crown",358,153,2,42.74,387.4,58497.4,Corporate
2026-12-30,"Regnum Carya",530,188,3,35.47,335.57,62080.45,Corporate
2026-12-30,"Regnum The Crown",358,177,2,49.44,394.43,69025.25,FIT
2026-12-31,"Regnum Carya",530,148,2,27.92,325.02,47452.92,FIT
2026-12-31,"Regnum The Crown",358,177,2,49.44,403.23,70565.25,Group
